StartDate,EndDate,Status,IPAddress,Progress,Duration (in seconds),Finished,RecordedDate,ResponseId,RecipientLastName,RecipientFirstName,RecipientEmail,ExternalReference,LocationLatitude,LocationLongitude,DistributionChannel,UserLanguage,Practice Ex,fb21d861-9397-4126-8,246bf3fe-a489-4545-a,d8545371-3d1e-4271-8,84deb4de-d0fb-4e1d-a,8b332c1e-f10e-4afc-a,8b21762a-c0c3-449e-8,fa94bad4-6431-40a7-9,f87d8dbf-83a9-4c58-a,f8439571-23e6-4c8a-9,f5e3d294-de4a-4be3-9,f190fc46-b387-4437-a,ee0aa1b5-2bb6-4770-a,ee070cac-0af1-4d86-9,ec9f0bca-7956-4fa4-8,ea2b91c4-07d0-45b2-b,e89bff81-fa30-4d94-8,e89bac5b-3b92-4554-b,e7de29c9-e9dd-4a06-a,e66caf62-70ce-418a-8,e374a9d0-706d-4bf3-a,e0d3ac24-3ea6-4a85-a,e0cf5438-5034-4112-8,e0aea9d2-f3fe-4e97-a,df09d518-7cb4-43d2-b,df0117f3-743c-460c-9,db477bec-7b99-4ca2-8,d69d66d4-df72-4002-8,d2cf4cdf-f303-4ef9-9,d2c86c3d-07fc-4390-8,d2bec18a-bac3-48cb-b,d2a0689f-4bd9-496a-b,cdb23f80-6a13-4777-8,cc598c82-8126-4cdf-9,c7af0ea9-f546-4f26-b,c2eccd6c-3c7f-4e67-9,c243ba53-0eea-4dfd-b,c21d9593-e7e4-41fe-b,c03a69e7-7bcb-4c85-b,bed541d5-46b8-4faa-b,bec6e67b-3c7f-4554-9,bea4ed25-c74b-4eca-b,be9d0001-9386-4d1a-b,be7b3ab7-8a50-4437-8,bc812733-b45b-4d2b-9,bc7c0d0b-71ae-4afe-8,b81b00c3-f3c4-4ba7-8,b7aa837e-a53b-4f8a-9,b63b2d28-ca13-4ae8-b,b1c7f9c0-da77-440b-8,b0f6dcc3-7aeb-4d48-9,af1cb15b-e547-4e02-8,af092e6b-dce4-4354-8,ae86cd19-fca5-4ad7-b,ae81034e-2b91-4d08-8,a817156f-977c-4a72-8,a73408ef-f0f9-4280-8,a6971245-b52e-472d-a,a5ac307b-e75d-47b1-9,a0ca57ef-9516-411f-a,a0c69d90-4070-4bb7-b,9e8106ce-2e4a-450c-8,9c7e479a-5c4d-46d9-8,9a4d75e7-de00-4931-9,9a496feb-6a67-4f22-a,9a30a0c9-b192-4113-b,9a2bd396-3954-4d40-b,9a12553b-7ae1-4e35-9,97e26fe2-d45a-46b2-8,97674f07-7bc3-404e-9,96382602-5e97-430f-9,959ae3b5-07a9-464c-8,957d1ef7-7bd1-4d9a-a,94894312-0261-4956-8,9481c38d-df7b-42cc-b,93a18e93-3e7e-4dfb-9,924be17b-f5f1-4628-9,92374983-b2b0-41a7-b,91f9b933-c02b-47df-9,89fe259f-467e-4f79-9,88bf780d-da3b-440d-9,876c1749-d348-48e6-a,8760d63e-0eab-4d6e-9,86bd408c-0cf2-4f86-a,86b81fdf-9b70-4200-a,85c89132-e0ce-42d5-9,858415cc-1335-476e-a,8399844f-3c3d-44c7-b,8395a570-7ed2-4c0c-a,837f7d1b-23e2-4a0f-8,8235499a-b4cf-4189-9,82297794-bd7d-4718-9,81a13b0e-aa23-4618-9,813d9197-3774-4fbd-9,814b22e6-1017-444c-b,8138a78a-f4ba-4f69-b,7e425ed4-399b-4c72-a,7a83cea8-c6f4-4944-8,7a6c8429-fbc7-4e0e-b,788859af-9004-4587-b,77c467d4-d021-4b6e-b,77056edb-735f-4b6c-a,7606dd90-1f55-4f82-8,7555871e-1973-49c5-b,75bc4c3d-4d24-4d21-a,4fdeb871-5590-435c-8,517bf045-71e3-4661-b,523ab434-2e54-4441-9,53d73137-83c6-4e4f-a,54f0f9eb-f14f-4d8d-b,55300023-5c40-490e-9,5583d3b7-8692-4c18-8,56487772-7530-4ead-a,566f7399-846c-4579-a,56ea63b7-77b6-401b-a,583280dc-ce99-4a35-a,58339466-2de5-4409-b,5d465d7f-d93d-47f3-9,5de77170-9628-498c-8,5de9f530-88d9-44a5-9,6045b0b6-6270-465c-9,6067225b-504a-46e1-8,61375a85-29d0-4b45-9,6184d460-21d8-4a0c-b,63da007b-14c8-431d-a,65239b62-1cec-4b3a-9,652ed6ff-5366-4dea-9,6cff0016-0d2e-4199-9,6dfa3eea-e6cf-46fb-a,6eec1cc9-81f9-40d3-9,6fdab3ec-7a58-4272-8,7279ca60-c53e-4913-a,72dda986-55c6-450e-8,7536c885-e926-4f7e-b,754ad4a8-b85d-430a-8,754c7a3c-64af-4a19-8,754e03f6-9cc8-4deb-b,291b2f9c-c41b-4ab8-9,2b52b4c3-c6fb-47b5-b,2c080e35-5332-4784-a,2eb94ad9-fe4a-4c6e-9,2ec2f5f9-407c-41ea-a,2f52deb7-1947-4e11-9,304f77ae-6961-4c73-b,31e86412-c270-4bcb-8,325c3403-d7f7-4fa0-8,32eeb9c6-e9d0-4ff1-8,33858c28-6c40-43d6-9,346756fd-269e-4421-8,34c793a1-0af4-469e-9,3a357ba5-4c78-432d-8,3a5cb7e8-d45f-481e-b,3c401ec0-d117-449d-a,3c41851f-03a5-464c-9,3f9b3ba7-7b13-4d04-8,42ef4a9a-164f-480e-9,42f15631-a541-4b30-8,43d604bc-f7ba-45f9-a,43eef8c0-03fb-483c-8,45aa2509-8554-4bf3-8,45b5e210-3659-4726-9,479be710-4ceb-4509-8,4ad18a9e-43ea-4de2-b,4ae99a8d-f134-4966-a,4cd02c55-36e8-46dd-9,4ce5fcbf-3111-4a0d-b,4e5af4be-1277-4097-9,4e733c89-a6a1-4094-8,4edf7524-0d23-48f2-9,01d43ee2-c6ff-4b66-a,0244da5b-f3c0-49b4-b,024669e0-0876-403e-8,04834f9a-eb2e-48b4-9,04a39cf5-a7c3-4d9b-8,05c85698-35f9-4ca9-a,0825d51f-0845-4009-a,0a1282d5-b306-49f4-b,0c1cecb1-1601-43cc-8,0cd8226a-a270-4165-a,0d11dd6d-73de-4101-a,0e4f6e42-e8a1-4618-9,0f2e29c0-780e-45ae-b,115645aa-6751-4e25-8,122a5bd5-7657-4161-a,12c3b33c-37c3-42e9-b,168acd2c-563d-4357-b,16aa7d0d-3f35-4612-a,189707c6-89e6-4846-9,1acbac5c-f315-45df-8,1c339881-c51b-4318-a,1e28722f-2c5c-474e-a,1eccf497-ffe0-4f0d-a,1fc27a56-36f6-4a2b-9,1fcc61c5-7033-469e-9,1fce4fac-fe02-42f3-9,20752527-76a9-4e5a-b,20965396-7e93-4354-8,21ee8bb8-76c4-41d2-b,22c95ed0-8f48-4e40-a,25e7176b-dcd9-4b4b-8,27f40db1-6caa-4c04-a," ",Q25,Q48,Q47,Q49,Q32,Q50,Q34,Q52
Start Date,End Date,Response Type,IP Address,Progress,Duration (in seconds),Finished,Recorded Date,Response ID,Recipient Last Name,Recipient First Name,Recipient Email,External Data Reference,Location Latitude,Location Longitude,Distribution Channel,User Language,"연습 세션 


이 페이지는 본격적인 설문에 앞서 음악을 묘사해보는 연습 세션입니다. 과제 방식에 익숙해지는 시간을 가짐으로써, 본 연구에서 요구하는 세부 묘사의 수준이 어느 정도인지 파악하실 수 있도록 준비되었습니다. 





 





해당 음악을 충분히 상세하게 묘사하여, 이 설명만으로도 서로 유사한 다른 곡과 명확히 구분될 수 있도록 작성해 주십시오. 모든 답변은 반드시 10단어 이상이어야 하며, 전체적으로 10~25단어 내외로 작성하는 것을 권장합니다.","해당 음악을 충분히 상세하게 묘사하여, 이 설명만으로도 서로 유사한 다른 곡과 명확히 구분될 수 있도록 작성해 주십시오. 모든 답변은 반드시 10단어 이상이어야 하며, 전체적으로 10~25단어 내외로 작성하는 것을 권장합니다.","해당 음악을 충분히 상세하게 묘사하여, 이 설명만으로도 서로 유사한 다른 곡과 명확히 구분될 수 있도록 작성해 주십시오. 모든 답변은 반드시 10단어 이상이어야 하며, 전체적으로 10~25단어 내외로 작성하는 것을 권장합니다.","해당 음악을 충분히 상세하게 묘사하여, 이 설명만으로도 서로 유사한 다른 곡과 명확히 구분될 수 있도록 작성해 주십시오. 모든 답변은 반드시 10단어 이상이어야 하며, 전체적으로 10~25단어 내외로 작성하는 것을 권장합니다.","해당 음악을 충분히 상세하게 묘사하여, 이 설명만으로도 서로 유사한 다른 곡과 명확히 구분될 수 있도록 작성해 주십시오. 모든 답변은 반드시 10단어 이상이어야 하며, 전체적으로 10~25단어 내외로 작성하는 것을 권장합니다.","해당 음악을 충분히 상세하게 묘사하여, 이 설명만으로도 서로 유사한 다른 곡과 명확히 구분될 수 있도록 작성해 주십시오. 모든 답변은 반드시 10단어 이상이어야 하며, 전체적으로 10~25단어 내외로 작성하는 것을 권장합니다.","해당 음악을 충분히 상세하게 묘사하여, 이 설명만으로도 서로 유사한 다른 곡과 명확히 구분될 수 있도록 작성해 주십시오. 모든 답변은 반드시 10단어 이상이어야 하며, 전체적으로 10~25단어 내외로 작성하는 것을 권장합니다.","해당 음악을 충분히 상세하게 묘사하여, 이 설명만으로도 서로 유사한 다른 곡과 명확히 구분될 수 있도록 작성해 주십시오. 모든 답변은 반드시 10단어 이상이어야 하며, 전체적으로 10~25단어 내외로 작성하는 것을 권장합니다.","해당 음악을 충분히 상세하게 묘사하여, 이 설명만으로도 서로 유사한 다른 곡과 명확히 구분될 수 있도록 작성해 주십시오. 모든 답변은 반드시 10단어 이상이어야 하며, 전체적으로 10~25단어 내외로 작성하는 것을 권장합니다.","해당 음악을 충분히 상세하게 묘사하여, 이 설명만으로도 서로 유사한 다른 곡과 명확히 구분될 수 있도록 작성해 주십시오. 모든 답변은 반드시 10단어 이상이어야 하며, 전체적으로 10~25단어 내외로 작성하는 것을 권장합니다.","해당 음악을 충분히 상세하게 묘사하여, 이 설명만으로도 서로 유사한 다른 곡과 명확히 구분될 수 있도록 작성해 주십시오. 모든 답변은 반드시 10단어 이상이어야 하며, 전체적으로 10~25단어 내외로 작성하는 것을 권장합니다.","해당 음악을 충분히 상세하게 묘사하여, 이 설명만으로도 서로 유사한 다른 곡과 명확히 구분될 수 있도록 작성해 주십시오. 모든 답변은 반드시 10단어 이상이어야 하며, 전체적으로 10~25단어 내외로 작성하는 것을 권장합니다.","해당 음악을 충분히 상세하게 묘사하여, 이 설명만으로도 서로 유사한 다른 곡과 명확히 구분될 수 있도록 작성해 주십시오. 모든 답변은 반드시 10단어 이상이어야 하며, 전체적으로 10~25단어 내외로 작성하는 것을 권장합니다.","해당 음악을 충분히 상세하게 묘사하여, 이 설명만으로도 서로 유사한 다른 곡과 명확히 구분될 수 있도록 작성해 주십시오. 모든 답변은 반드시 10단어 이상이어야 하며, 전체적으로 10~25단어 내외로 작성하는 것을 권장합니다.","해당 음악을 충분히 상세하게 묘사하여, 이 설명만으로도 서로 유사한 다른 곡과 명확히 구분될 수 있도록 작성해 주십시오. 모든 답변은 반드시 10단어 이상이어야 하며, 전체적으로 10~25단어 내외로 작성하는 것을 권장합니다.","해당 음악을 충분히 상세하게 묘사하여, 이 설명만으로도 서로 유사한 다른 곡과 명확히 구분될 수 있도록 작성해 주십시오. 모든 답변은 반드시 10단어 이상이어야 하며, 전체적으로 10~25단어 내외로 작성하는 것을 권장합니다.","해당 음악을 충분히 상세하게 묘사하여, 이 설명만으로도 서로 유사한 다른 곡과 명확히 구분될 수 있도록 작성해 주십시오. 모든 답변은 반드시 10단어 이상이어야 하며, 전체적으로 10~25단어 내외로 작성하는 것을 권장합니다.","해당 음악을 충분히 상세하게 묘사하여, 이 설명만으로도 서로 유사한 다른 곡과 명확히 구분될 수 있도록 작성해 주십시오. 모든 답변은 반드시 10단어 이상이어야 하며, 전체적으로 10~25단어 내외로 작성하는 것을 권장합니다.","해당 음악을 충분히 상세하게 묘사하여, 이 설명만으로도 서로 유사한 다른 곡과 명확히 구분될 수 있도록 작성해 주십시오. 모든 답변은 반드시 10단어 이상이어야 하며, 전체적으로 10~25단어 내외로 작성하는 것을 권장합니다.","해당 음악을 충분히 상세하게 묘사하여, 이 설명만으로도 서로 유사한 다른 곡과 명확히 구분될 수 있도록 작성해 주십시오. 모든 답변은 반드시 10단어 이상이어야 하며, 전체적으로 10~25단어 내외로 작성하는 것을 권장합니다.","해당 음악을 충분히 상세하게 묘사하여, 이 설명만으로도 서로 유사한 다른 곡과 명확히 구분될 수 있도록 작성해 주십시오. 모든 답변은 반드시 10단어 이상이어야 하며, 전체적으로 10~25단어 내외로 작성하는 것을 권장합니다.","해당 음악을 충분히 상세하게 묘사하여, 이 설명만으로도 서로 유사한 다른 곡과 명확히 구분될 수 있도록 작성해 주십시오. 모든 답변은 반드시 10단어 이상이어야 하며, 전체적으로 10~25단어 내외로 작성하는 것을 권장합니다.","해당 음악을 충분히 상세하게 묘사하여, 이 설명만으로도 서로 유사한 다른 곡과 명확히 구분될 수 있도록 작성해 주십시오. 모든 답변은 반드시 10단어 이상이어야 하며, 전체적으로 10~25단어 내외로 작성하는 것을 권장합니다.","해당 음악을 충분히 상세하게 묘사하여, 이 설명만으로도 서로 유사한 다른 곡과 명확히 구분될 수 있도록 작성해 주십시오. 모든 답변은 반드시 10단어 이상이어야 하며, 전체적으로 10~25단어 내외로 작성하는 것을 권장합니다.","해당 음악을 충분히 상세하게 묘사하여, 이 설명만으로도 서로 유사한 다른 곡과 명확히 구분될 수 있도록 작성해 주십시오. 모든 답변은 반드시 10단어 이상이어야 하며, 전체적으로 10~25단어 내외로 작성하는 것을 권장합니다.","해당 음악을 충분히 상세하게 묘사하여, 이 설명만으로도 서로 유사한 다른 곡과 명확히 구분될 수 있도록 작성해 주십시오. 모든 답변은 반드시 10단어 이상이어야 하며, 전체적으로 10~25단어 내외로 작성하는 것을 권장합니다.","해당 음악을 충분히 상세하게 묘사하여, 이 설명만으로도 서로 유사한 다른 곡과 명확히 구분될 수 있도록 작성해 주십시오. 모든 답변은 반드시 10단어 이상이어야 하며, 전체적으로 10~25단어 내외로 작성하는 것을 권장합니다.","해당 음악을 충분히 상세하게 묘사하여, 이 설명만으로도 서로 유사한 다른 곡과 명확히 구분될 수 있도록 작성해 주십시오. 모든 답변은 반드시 10단어 이상이어야 하며, 전체적으로 10~25단어 내외로 작성하는 것을 권장합니다.","해당 음악을 충분히 상세하게 묘사하여, 이 설명만으로도 서로 유사한 다른 곡과 명확히 구분될 수 있도록 작성해 주십시오. 모든 답변은 반드시 10단어 이상이어야 하며, 전체적으로 10~25단어 내외로 작성하는 것을 권장합니다.","해당 음악을 충분히 상세하게 묘사하여, 이 설명만으로도 서로 유사한 다른 곡과 명확히 구분될 수 있도록 작성해 주십시오. 모든 답변은 반드시 10단어 이상이어야 하며, 전체적으로 10~25단어 내외로 작성하는 것을 권장합니다.","해당 음악을 충분히 상세하게 묘사하여, 이 설명만으로도 서로 유사한 다른 곡과 명확히 구분될 수 있도록 작성해 주십시오. 모든 답변은 반드시 10단어 이상이어야 하며, 전체적으로 10~25단어 내외로 작성하는 것을 권장합니다.","해당 음악을 충분히 상세하게 묘사하여, 이 설명만으로도 서로 유사한 다른 곡과 명확히 구분될 수 있도록 작성해 주십시오. 모든 답변은 반드시 10단어 이상이어야 하며, 전체적으로 10~25단어 내외로 작성하는 것을 권장합니다.","해당 음악을 충분히 상세하게 묘사하여, 이 설명만으로도 서로 유사한 다른 곡과 명확히 구분될 수 있도록 작성해 주십시오. 모든 답변은 반드시 10단어 이상이어야 하며, 전체적으로 10~25단어 내외로 작성하는 것을 권장합니다.","해당 음악을 충분히 상세하게 묘사하여, 이 설명만으로도 서로 유사한 다른 곡과 명확히 구분될 수 있도록 작성해 주십시오. 모든 답변은 반드시 10단어 이상이어야 하며, 전체적으로 10~25단어 내외로 작성하는 것을 권장합니다.","해당 음악을 충분히 상세하게 묘사하여, 이 설명만으로도 서로 유사한 다른 곡과 명확히 구분될 수 있도록 작성해 주십시오. 모든 답변은 반드시 10단어 이상이어야 하며, 전체적으로 10~25단어 내외로 작성하는 것을 권장합니다.","해당 음악을 충분히 상세하게 묘사하여, 이 설명만으로도 서로 유사한 다른 곡과 명확히 구분될 수 있도록 작성해 주십시오. 모든 답변은 반드시 10단어 이상이어야 하며, 전체적으로 10~25단어 내외로 작성하는 것을 권장합니다.","해당 음악을 충분히 상세하게 묘사하여, 이 설명만으로도 서로 유사한 다른 곡과 명확히 구분될 수 있도록 작성해 주십시오. 모든 답변은 반드시 10단어 이상이어야 하며, 전체적으로 10~25단어 내외로 작성하는 것을 권장합니다.","해당 음악을 충분히 상세하게 묘사하여, 이 설명만으로도 서로 유사한 다른 곡과 명확히 구분될 수 있도록 작성해 주십시오. 모든 답변은 반드시 10단어 이상이어야 하며, 전체적으로 10~25단어 내외로 작성하는 것을 권장합니다.","해당 음악을 충분히 상세하게 묘사하여, 이 설명만으로도 서로 유사한 다른 곡과 명확히 구분될 수 있도록 작성해 주십시오. 모든 답변은 반드시 10단어 이상이어야 하며, 전체적으로 10~25단어 내외로 작성하는 것을 권장합니다.","해당 음악을 충분히 상세하게 묘사하여, 이 설명만으로도 서로 유사한 다른 곡과 명확히 구분될 수 있도록 작성해 주십시오. 모든 답변은 반드시 10단어 이상이어야 하며, 전체적으로 10~25단어 내외로 작성하는 것을 권장합니다.","해당 음악을 충분히 상세하게 묘사하여, 이 설명만으로도 서로 유사한 다른 곡과 명확히 구분될 수 있도록 작성해 주십시오. 모든 답변은 반드시 10단어 이상이어야 하며, 전체적으로 10~25단어 내외로 작성하는 것을 권장합니다.","해당 음악을 충분히 상세하게 묘사하여, 이 설명만으로도 서로 유사한 다른 곡과 명확히 구분될 수 있도록 작성해 주십시오. 모든 답변은 반드시 10단어 이상이어야 하며, 전체적으로 10~25단어 내외로 작성하는 것을 권장합니다.","해당 음악을 충분히 상세하게 묘사하여, 이 설명만으로도 서로 유사한 다른 곡과 명확히 구분될 수 있도록 작성해 주십시오. 모든 답변은 반드시 10단어 이상이어야 하며, 전체적으로 10~25단어 내외로 작성하는 것을 권장합니다.","해당 음악을 충분히 상세하게 묘사하여, 이 설명만으로도 서로 유사한 다른 곡과 명확히 구분될 수 있도록 작성해 주십시오. 모든 답변은 반드시 10단어 이상이어야 하며, 전체적으로 10~25단어 내외로 작성하는 것을 권장합니다.","해당 음악을 충분히 상세하게 묘사하여, 이 설명만으로도 서로 유사한 다른 곡과 명확히 구분될 수 있도록 작성해 주십시오. 모든 답변은 반드시 10단어 이상이어야 하며, 전체적으로 10~25단어 내외로 작성하는 것을 권장합니다.","해당 음악을 충분히 상세하게 묘사하여, 이 설명만으로도 서로 유사한 다른 곡과 명확히 구분될 수 있도록 작성해 주십시오. 모든 답변은 반드시 10단어 이상이어야 하며, 전체적으로 10~25단어 내외로 작성하는 것을 권장합니다.","해당 음악을 충분히 상세하게 묘사하여, 이 설명만으로도 서로 유사한 다른 곡과 명확히 구분될 수 있도록 작성해 주십시오. 모든 답변은 반드시 10단어 이상이어야 하며, 전체적으로 10~25단어 내외로 작성하는 것을 권장합니다.","해당 음악을 충분히 상세하게 묘사하여, 이 설명만으로도 서로 유사한 다른 곡과 명확히 구분될 수 있도록 작성해 주십시오. 모든 답변은 반드시 10단어 이상이어야 하며, 전체적으로 10~25단어 내외로 작성하는 것을 권장합니다.","해당 음악을 충분히 상세하게 묘사하여, 이 설명만으로도 서로 유사한 다른 곡과 명확히 구분될 수 있도록 작성해 주십시오. 모든 답변은 반드시 10단어 이상이어야 하며, 전체적으로 10~25단어 내외로 작성하는 것을 권장합니다.","해당 음악을 충분히 상세하게 묘사하여, 이 설명만으로도 서로 유사한 다른 곡과 명확히 구분될 수 있도록 작성해 주십시오. 모든 답변은 반드시 10단어 이상이어야 하며, 전체적으로 10~25단어 내외로 작성하는 것을 권장합니다.","해당 음악을 충분히 상세하게 묘사하여, 이 설명만으로도 서로 유사한 다른 곡과 명확히 구분될 수 있도록 작성해 주십시오. 모든 답변은 반드시 10단어 이상이어야 하며, 전체적으로 10~25단어 내외로 작성하는 것을 권장합니다.","해당 음악을 충분히 상세하게 묘사하여, 이 설명만으로도 서로 유사한 다른 곡과 명확히 구분될 수 있도록 작성해 주십시오. 모든 답변은 반드시 10단어 이상이어야 하며, 전체적으로 10~25단어 내외로 작성하는 것을 권장합니다.","해당 음악을 충분히 상세하게 묘사하여, 이 설명만으로도 서로 유사한 다른 곡과 명확히 구분될 수 있도록 작성해 주십시오. 모든 답변은 반드시 10단어 이상이어야 하며, 전체적으로 10~25단어 내외로 작성하는 것을 권장합니다.","해당 음악을 충분히 상세하게 묘사하여, 이 설명만으로도 서로 유사한 다른 곡과 명확히 구분될 수 있도록 작성해 주십시오. 모든 답변은 반드시 10단어 이상이어야 하며, 전체적으로 10~25단어 내외로 작성하는 것을 권장합니다.","해당 음악을 충분히 상세하게 묘사하여, 이 설명만으로도 서로 유사한 다른 곡과 명확히 구분될 수 있도록 작성해 주십시오. 모든 답변은 반드시 10단어 이상이어야 하며, 전체적으로 10~25단어 내외로 작성하는 것을 권장합니다.","해당 음악을 충분히 상세하게 묘사하여, 이 설명만으로도 서로 유사한 다른 곡과 명확히 구분될 수 있도록 작성해 주십시오. 모든 답변은 반드시 10단어 이상이어야 하며, 전체적으로 10~25단어 내외로 작성하는 것을 권장합니다.","해당 음악을 충분히 상세하게 묘사하여, 이 설명만으로도 서로 유사한 다른 곡과 명확히 구분될 수 있도록 작성해 주십시오. 모든 답변은 반드시 10단어 이상이어야 하며, 전체적으로 10~25단어 내외로 작성하는 것을 권장합니다.","해당 음악을 충분히 상세하게 묘사하여, 이 설명만으로도 서로 유사한 다른 곡과 명확히 구분될 수 있도록 작성해 주십시오. 모든 답변은 반드시 10단어 이상이어야 하며, 전체적으로 10~25단어 내외로 작성하는 것을 권장합니다.","해당 음악을 충분히 상세하게 묘사하여, 이 설명만으로도 서로 유사한 다른 곡과 명확히 구분될 수 있도록 작성해 주십시오. 모든 답변은 반드시 10단어 이상이어야 하며, 전체적으로 10~25단어 내외로 작성하는 것을 권장합니다.","해당 음악을 충분히 상세하게 묘사하여, 이 설명만으로도 서로 유사한 다른 곡과 명확히 구분될 수 있도록 작성해 주십시오. 모든 답변은 반드시 10단어 이상이어야 하며, 전체적으로 10~25단어 내외로 작성하는 것을 권장합니다.","해당 음악을 충분히 상세하게 묘사하여, 이 설명만으로도 서로 유사한 다른 곡과 명확히 구분될 수 있도록 작성해 주십시오. 모든 답변은 반드시 10단어 이상이어야 하며, 전체적으로 10~25단어 내외로 작성하는 것을 권장합니다.","해당 음악을 충분히 상세하게 묘사하여, 이 설명만으로도 서로 유사한 다른 곡과 명확히 구분될 수 있도록 작성해 주십시오. 모든 답변은 반드시 10단어 이상이어야 하며, 전체적으로 10~25단어 내외로 작성하는 것을 권장합니다.","해당 음악을 충분히 상세하게 묘사하여, 이 설명만으로도 서로 유사한 다른 곡과 명확히 구분될 수 있도록 작성해 주십시오. 모든 답변은 반드시 10단어 이상이어야 하며, 전체적으로 10~25단어 내외로 작성하는 것을 권장합니다.","해당 음악을 충분히 상세하게 묘사하여, 이 설명만으로도 서로 유사한 다른 곡과 명확히 구분될 수 있도록 작성해 주십시오. 모든 답변은 반드시 10단어 이상이어야 하며, 전체적으로 10~25단어 내외로 작성하는 것을 권장합니다.","해당 음악을 충분히 상세하게 묘사하여, 이 설명만으로도 서로 유사한 다른 곡과 명확히 구분될 수 있도록 작성해 주십시오. 모든 답변은 반드시 10단어 이상이어야 하며, 전체적으로 10~25단어 내외로 작성하는 것을 권장합니다.","해당 음악을 충분히 상세하게 묘사하여, 이 설명만으로도 서로 유사한 다른 곡과 명확히 구분될 수 있도록 작성해 주십시오. 모든 답변은 반드시 10단어 이상이어야 하며, 전체적으로 10~25단어 내외로 작성하는 것을 권장합니다.","해당 음악을 충분히 상세하게 묘사하여, 이 설명만으로도 서로 유사한 다른 곡과 명확히 구분될 수 있도록 작성해 주십시오. 모든 답변은 반드시 10단어 이상이어야 하며, 전체적으로 10~25단어 내외로 작성하는 것을 권장합니다.","해당 음악을 충분히 상세하게 묘사하여, 이 설명만으로도 서로 유사한 다른 곡과 명확히 구분될 수 있도록 작성해 주십시오. 모든 답변은 반드시 10단어 이상이어야 하며, 전체적으로 10~25단어 내외로 작성하는 것을 권장합니다.","해당 음악을 충분히 상세하게 묘사하여, 이 설명만으로도 서로 유사한 다른 곡과 명확히 구분될 수 있도록 작성해 주십시오. 모든 답변은 반드시 10단어 이상이어야 하며, 전체적으로 10~25단어 내외로 작성하는 것을 권장합니다.","해당 음악을 충분히 상세하게 묘사하여, 이 설명만으로도 서로 유사한 다른 곡과 명확히 구분될 수 있도록 작성해 주십시오. 모든 답변은 반드시 10단어 이상이어야 하며, 전체적으로 10~25단어 내외로 작성하는 것을 권장합니다.","해당 음악을 충분히 상세하게 묘사하여, 이 설명만으로도 서로 유사한 다른 곡과 명확히 구분될 수 있도록 작성해 주십시오. 모든 답변은 반드시 10단어 이상이어야 하며, 전체적으로 10~25단어 내외로 작성하는 것을 권장합니다.","해당 음악을 충분히 상세하게 묘사하여, 이 설명만으로도 서로 유사한 다른 곡과 명확히 구분될 수 있도록 작성해 주십시오. 모든 답변은 반드시 10단어 이상이어야 하며, 전체적으로 10~25단어 내외로 작성하는 것을 권장합니다.","해당 음악을 충분히 상세하게 묘사하여, 이 설명만으로도 서로 유사한 다른 곡과 명확히 구분될 수 있도록 작성해 주십시오. 모든 답변은 반드시 10단어 이상이어야 하며, 전체적으로 10~25단어 내외로 작성하는 것을 권장합니다.","해당 음악을 충분히 상세하게 묘사하여, 이 설명만으로도 서로 유사한 다른 곡과 명확히 구분될 수 있도록 작성해 주십시오. 모든 답변은 반드시 10단어 이상이어야 하며, 전체적으로 10~25단어 내외로 작성하는 것을 권장합니다.","해당 음악을 충분히 상세하게 묘사하여, 이 설명만으로도 서로 유사한 다른 곡과 명확히 구분될 수 있도록 작성해 주십시오. 모든 답변은 반드시 10단어 이상이어야 하며, 전체적으로 10~25단어 내외로 작성하는 것을 권장합니다.","해당 음악을 충분히 상세하게 묘사하여, 이 설명만으로도 서로 유사한 다른 곡과 명확히 구분될 수 있도록 작성해 주십시오. 모든 답변은 반드시 10단어 이상이어야 하며, 전체적으로 10~25단어 내외로 작성하는 것을 권장합니다.","해당 음악을 충분히 상세하게 묘사하여, 이 설명만으로도 서로 유사한 다른 곡과 명확히 구분될 수 있도록 작성해 주십시오. 모든 답변은 반드시 10단어 이상이어야 하며, 전체적으로 10~25단어 내외로 작성하는 것을 권장합니다.","해당 음악을 충분히 상세하게 묘사하여, 이 설명만으로도 서로 유사한 다른 곡과 명확히 구분될 수 있도록 작성해 주십시오. 모든 답변은 반드시 10단어 이상이어야 하며, 전체적으로 10~25단어 내외로 작성하는 것을 권장합니다.","해당 음악을 충분히 상세하게 묘사하여, 이 설명만으로도 서로 유사한 다른 곡과 명확히 구분될 수 있도록 작성해 주십시오. 모든 답변은 반드시 10단어 이상이어야 하며, 전체적으로 10~25단어 내외로 작성하는 것을 권장합니다.","해당 음악을 충분히 상세하게 묘사하여, 이 설명만으로도 서로 유사한 다른 곡과 명확히 구분될 수 있도록 작성해 주십시오. 모든 답변은 반드시 10단어 이상이어야 하며, 전체적으로 10~25단어 내외로 작성하는 것을 권장합니다.","해당 음악을 충분히 상세하게 묘사하여, 이 설명만으로도 서로 유사한 다른 곡과 명확히 구분될 수 있도록 작성해 주십시오. 모든 답변은 반드시 10단어 이상이어야 하며, 전체적으로 10~25단어 내외로 작성하는 것을 권장합니다.","해당 음악을 충분히 상세하게 묘사하여, 이 설명만으로도 서로 유사한 다른 곡과 명확히 구분될 수 있도록 작성해 주십시오. 모든 답변은 반드시 10단어 이상이어야 하며, 전체적으로 10~25단어 내외로 작성하는 것을 권장합니다.","해당 음악을 충분히 상세하게 묘사하여, 이 설명만으로도 서로 유사한 다른 곡과 명확히 구분될 수 있도록 작성해 주십시오. 모든 답변은 반드시 10단어 이상이어야 하며, 전체적으로 10~25단어 내외로 작성하는 것을 권장합니다.","해당 음악을 충분히 상세하게 묘사하여, 이 설명만으로도 서로 유사한 다른 곡과 명확히 구분될 수 있도록 작성해 주십시오. 모든 답변은 반드시 10단어 이상이어야 하며, 전체적으로 10~25단어 내외로 작성하는 것을 권장합니다.","해당 음악을 충분히 상세하게 묘사하여, 이 설명만으로도 서로 유사한 다른 곡과 명확히 구분될 수 있도록 작성해 주십시오. 모든 답변은 반드시 10단어 이상이어야 하며, 전체적으로 10~25단어 내외로 작성하는 것을 권장합니다.","해당 음악을 충분히 상세하게 묘사하여, 이 설명만으로도 서로 유사한 다른 곡과 명확히 구분될 수 있도록 작성해 주십시오. 모든 답변은 반드시 10단어 이상이어야 하며, 전체적으로 10~25단어 내외로 작성하는 것을 권장합니다.","해당 음악을 충분히 상세하게 묘사하여, 이 설명만으로도 서로 유사한 다른 곡과 명확히 구분될 수 있도록 작성해 주십시오. 모든 답변은 반드시 10단어 이상이어야 하며, 전체적으로 10~25단어 내외로 작성하는 것을 권장합니다.","해당 음악을 충분히 상세하게 묘사하여, 이 설명만으로도 서로 유사한 다른 곡과 명확히 구분될 수 있도록 작성해 주십시오. 모든 답변은 반드시 10단어 이상이어야 하며, 전체적으로 10~25단어 내외로 작성하는 것을 권장합니다.","해당 음악을 충분히 상세하게 묘사하여, 이 설명만으로도 서로 유사한 다른 곡과 명확히 구분될 수 있도록 작성해 주십시오. 모든 답변은 반드시 10단어 이상이어야 하며, 전체적으로 10~25단어 내외로 작성하는 것을 권장합니다.","해당 음악을 충분히 상세하게 묘사하여, 이 설명만으로도 서로 유사한 다른 곡과 명확히 구분될 수 있도록 작성해 주십시오. 모든 답변은 반드시 10단어 이상이어야 하며, 전체적으로 10~25단어 내외로 작성하는 것을 권장합니다.","해당 음악을 충분히 상세하게 묘사하여, 이 설명만으로도 서로 유사한 다른 곡과 명확히 구분될 수 있도록 작성해 주십시오. 모든 답변은 반드시 10단어 이상이어야 하며, 전체적으로 10~25단어 내외로 작성하는 것을 권장합니다.","해당 음악을 충분히 상세하게 묘사하여, 이 설명만으로도 서로 유사한 다른 곡과 명확히 구분될 수 있도록 작성해 주십시오. 모든 답변은 반드시 10단어 이상이어야 하며, 전체적으로 10~25단어 내외로 작성하는 것을 권장합니다.","해당 음악을 충분히 상세하게 묘사하여, 이 설명만으로도 서로 유사한 다른 곡과 명확히 구분될 수 있도록 작성해 주십시오. 모든 답변은 반드시 10단어 이상이어야 하며, 전체적으로 10~25단어 내외로 작성하는 것을 권장합니다.","해당 음악을 충분히 상세하게 묘사하여, 이 설명만으로도 서로 유사한 다른 곡과 명확히 구분될 수 있도록 작성해 주십시오. 모든 답변은 반드시 10단어 이상이어야 하며, 전체적으로 10~25단어 내외로 작성하는 것을 권장합니다.","해당 음악을 충분히 상세하게 묘사하여, 이 설명만으로도 서로 유사한 다른 곡과 명확히 구분될 수 있도록 작성해 주십시오. 모든 답변은 반드시 10단어 이상이어야 하며, 전체적으로 10~25단어 내외로 작성하는 것을 권장합니다.","해당 음악을 충분히 상세하게 묘사하여, 이 설명만으로도 서로 유사한 다른 곡과 명확히 구분될 수 있도록 작성해 주십시오. 모든 답변은 반드시 10단어 이상이어야 하며, 전체적으로 10~25단어 내외로 작성하는 것을 권장합니다.","해당 음악을 충분히 상세하게 묘사하여, 이 설명만으로도 서로 유사한 다른 곡과 명확히 구분될 수 있도록 작성해 주십시오. 모든 답변은 반드시 10단어 이상이어야 하며, 전체적으로 10~25단어 내외로 작성하는 것을 권장합니다.","해당 음악을 충분히 상세하게 묘사하여, 이 설명만으로도 서로 유사한 다른 곡과 명확히 구분될 수 있도록 작성해 주십시오. 모든 답변은 반드시 10단어 이상이어야 하며, 전체적으로 10~25단어 내외로 작성하는 것을 권장합니다.","해당 음악을 충분히 상세하게 묘사하여, 이 설명만으로도 서로 유사한 다른 곡과 명확히 구분될 수 있도록 작성해 주십시오. 모든 답변은 반드시 10단어 이상이어야 하며, 전체적으로 10~25단어 내외로 작성하는 것을 권장합니다.","해당 음악을 충분히 상세하게 묘사하여, 이 설명만으로도 서로 유사한 다른 곡과 명확히 구분될 수 있도록 작성해 주십시오. 모든 답변은 반드시 10단어 이상이어야 하며, 전체적으로 10~25단어 내외로 작성하는 것을 권장합니다.","해당 음악을 충분히 상세하게 묘사하여, 이 설명만으로도 서로 유사한 다른 곡과 명확히 구분될 수 있도록 작성해 주십시오. 모든 답변은 반드시 10단어 이상이어야 하며, 전체적으로 10~25단어 내외로 작성하는 것을 권장합니다.","해당 음악을 충분히 상세하게 묘사하여, 이 설명만으로도 서로 유사한 다른 곡과 명확히 구분될 수 있도록 작성해 주십시오. 모든 답변은 반드시 10단어 이상이어야 하며, 전체적으로 10~25단어 내외로 작성하는 것을 권장합니다.","해당 음악을 충분히 상세하게 묘사하여, 이 설명만으로도 서로 유사한 다른 곡과 명확히 구분될 수 있도록 작성해 주십시오. 모든 답변은 반드시 10단어 이상이어야 하며, 전체적으로 10~25단어 내외로 작성하는 것을 권장합니다.","해당 음악을 충분히 상세하게 묘사하여, 이 설명만으로도 서로 유사한 다른 곡과 명확히 구분될 수 있도록 작성해 주십시오. 모든 답변은 반드시 10단어 이상이어야 하며, 전체적으로 10~25단어 내외로 작성하는 것을 권장합니다.","해당 음악을 충분히 상세하게 묘사하여, 이 설명만으로도 서로 유사한 다른 곡과 명확히 구분될 수 있도록 작성해 주십시오. 모든 답변은 반드시 10단어 이상이어야 하며, 전체적으로 10~25단어 내외로 작성하는 것을 권장합니다.","해당 음악을 충분히 상세하게 묘사하여, 이 설명만으로도 서로 유사한 다른 곡과 명확히 구분될 수 있도록 작성해 주십시오. 모든 답변은 반드시 10단어 이상이어야 하며, 전체적으로 10~25단어 내외로 작성하는 것을 권장합니다.","해당 음악을 충분히 상세하게 묘사하여, 이 설명만으로도 서로 유사한 다른 곡과 명확히 구분될 수 있도록 작성해 주십시오. 모든 답변은 반드시 10단어 이상이어야 하며, 전체적으로 10~25단어 내외로 작성하는 것을 권장합니다.","해당 음악을 충분히 상세하게 묘사하여, 이 설명만으로도 서로 유사한 다른 곡과 명확히 구분될 수 있도록 작성해 주십시오. 모든 답변은 반드시 10단어 이상이어야 하며, 전체적으로 10~25단어 내외로 작성하는 것을 권장합니다.","해당 음악을 충분히 상세하게 묘사하여, 이 설명만으로도 서로 유사한 다른 곡과 명확히 구분될 수 있도록 작성해 주십시오. 모든 답변은 반드시 10단어 이상이어야 하며, 전체적으로 10~25단어 내외로 작성하는 것을 권장합니다.","해당 음악을 충분히 상세하게 묘사하여, 이 설명만으로도 서로 유사한 다른 곡과 명확히 구분될 수 있도록 작성해 주십시오. 모든 답변은 반드시 10단어 이상이어야 하며, 전체적으로 10~25단어 내외로 작성하는 것을 권장합니다.","해당 음악을 충분히 상세하게 묘사하여, 이 설명만으로도 서로 유사한 다른 곡과 명확히 구분될 수 있도록 작성해 주십시오. 모든 답변은 반드시 10단어 이상이어야 하며, 전체적으로 10~25단어 내외로 작성하는 것을 권장합니다.","해당 음악을 충분히 상세하게 묘사하여, 이 설명만으로도 서로 유사한 다른 곡과 명확히 구분될 수 있도록 작성해 주십시오. 모든 답변은 반드시 10단어 이상이어야 하며, 전체적으로 10~25단어 내외로 작성하는 것을 권장합니다.","해당 음악을 충분히 상세하게 묘사하여, 이 설명만으로도 서로 유사한 다른 곡과 명확히 구분될 수 있도록 작성해 주십시오. 모든 답변은 반드시 10단어 이상이어야 하며, 전체적으로 10~25단어 내외로 작성하는 것을 권장합니다.","해당 음악을 충분히 상세하게 묘사하여, 이 설명만으로도 서로 유사한 다른 곡과 명확히 구분될 수 있도록 작성해 주십시오. 모든 답변은 반드시 10단어 이상이어야 하며, 전체적으로 10~25단어 내외로 작성하는 것을 권장합니다.","해당 음악을 충분히 상세하게 묘사하여, 이 설명만으로도 서로 유사한 다른 곡과 명확히 구분될 수 있도록 작성해 주십시오. 모든 답변은 반드시 10단어 이상이어야 하며, 전체적으로 10~25단어 내외로 작성하는 것을 권장합니다.","해당 음악을 충분히 상세하게 묘사하여, 이 설명만으로도 서로 유사한 다른 곡과 명확히 구분될 수 있도록 작성해 주십시오. 모든 답변은 반드시 10단어 이상이어야 하며, 전체적으로 10~25단어 내외로 작성하는 것을 권장합니다.","해당 음악을 충분히 상세하게 묘사하여, 이 설명만으로도 서로 유사한 다른 곡과 명확히 구분될 수 있도록 작성해 주십시오. 모든 답변은 반드시 10단어 이상이어야 하며, 전체적으로 10~25단어 내외로 작성하는 것을 권장합니다.","해당 음악을 충분히 상세하게 묘사하여, 이 설명만으로도 서로 유사한 다른 곡과 명확히 구분될 수 있도록 작성해 주십시오. 모든 답변은 반드시 10단어 이상이어야 하며, 전체적으로 10~25단어 내외로 작성하는 것을 권장합니다.","해당 음악을 충분히 상세하게 묘사하여, 이 설명만으로도 서로 유사한 다른 곡과 명확히 구분될 수 있도록 작성해 주십시오. 모든 답변은 반드시 10단어 이상이어야 하며, 전체적으로 10~25단어 내외로 작성하는 것을 권장합니다.","해당 음악을 충분히 상세하게 묘사하여, 이 설명만으로도 서로 유사한 다른 곡과 명확히 구분될 수 있도록 작성해 주십시오. 모든 답변은 반드시 10단어 이상이어야 하며, 전체적으로 10~25단어 내외로 작성하는 것을 권장합니다.","해당 음악을 충분히 상세하게 묘사하여, 이 설명만으로도 서로 유사한 다른 곡과 명확히 구분될 수 있도록 작성해 주십시오. 모든 답변은 반드시 10단어 이상이어야 하며, 전체적으로 10~25단어 내외로 작성하는 것을 권장합니다.","해당 음악을 충분히 상세하게 묘사하여, 이 설명만으로도 서로 유사한 다른 곡과 명확히 구분될 수 있도록 작성해 주십시오. 모든 답변은 반드시 10단어 이상이어야 하며, 전체적으로 10~25단어 내외로 작성하는 것을 권장합니다.","해당 음악을 충분히 상세하게 묘사하여, 이 설명만으로도 서로 유사한 다른 곡과 명확히 구분될 수 있도록 작성해 주십시오. 모든 답변은 반드시 10단어 이상이어야 하며, 전체적으로 10~25단어 내외로 작성하는 것을 권장합니다.","해당 음악을 충분히 상세하게 묘사하여, 이 설명만으로도 서로 유사한 다른 곡과 명확히 구분될 수 있도록 작성해 주십시오. 모든 답변은 반드시 10단어 이상이어야 하며, 전체적으로 10~25단어 내외로 작성하는 것을 권장합니다.","해당 음악을 충분히 상세하게 묘사하여, 이 설명만으로도 서로 유사한 다른 곡과 명확히 구분될 수 있도록 작성해 주십시오. 모든 답변은 반드시 10단어 이상이어야 하며, 전체적으로 10~25단어 내외로 작성하는 것을 권장합니다.","해당 음악을 충분히 상세하게 묘사하여, 이 설명만으로도 서로 유사한 다른 곡과 명확히 구분될 수 있도록 작성해 주십시오. 모든 답변은 반드시 10단어 이상이어야 하며, 전체적으로 10~25단어 내외로 작성하는 것을 권장합니다.","해당 음악을 충분히 상세하게 묘사하여, 이 설명만으로도 서로 유사한 다른 곡과 명확히 구분될 수 있도록 작성해 주십시오. 모든 답변은 반드시 10단어 이상이어야 하며, 전체적으로 10~25단어 내외로 작성하는 것을 권장합니다.","해당 음악을 충분히 상세하게 묘사하여, 이 설명만으로도 서로 유사한 다른 곡과 명확히 구분될 수 있도록 작성해 주십시오. 모든 답변은 반드시 10단어 이상이어야 하며, 전체적으로 10~25단어 내외로 작성하는 것을 권장합니다.","해당 음악을 충분히 상세하게 묘사하여, 이 설명만으로도 서로 유사한 다른 곡과 명확히 구분될 수 있도록 작성해 주십시오. 모든 답변은 반드시 10단어 이상이어야 하며, 전체적으로 10~25단어 내외로 작성하는 것을 권장합니다.","해당 음악을 충분히 상세하게 묘사하여, 이 설명만으로도 서로 유사한 다른 곡과 명확히 구분될 수 있도록 작성해 주십시오. 모든 답변은 반드시 10단어 이상이어야 하며, 전체적으로 10~25단어 내외로 작성하는 것을 권장합니다.","해당 음악을 충분히 상세하게 묘사하여, 이 설명만으로도 서로 유사한 다른 곡과 명확히 구분될 수 있도록 작성해 주십시오. 모든 답변은 반드시 10단어 이상이어야 하며, 전체적으로 10~25단어 내외로 작성하는 것을 권장합니다.","해당 음악을 충분히 상세하게 묘사하여, 이 설명만으로도 서로 유사한 다른 곡과 명확히 구분될 수 있도록 작성해 주십시오. 모든 답변은 반드시 10단어 이상이어야 하며, 전체적으로 10~25단어 내외로 작성하는 것을 권장합니다.","해당 음악을 충분히 상세하게 묘사하여, 이 설명만으로도 서로 유사한 다른 곡과 명확히 구분될 수 있도록 작성해 주십시오. 모든 답변은 반드시 10단어 이상이어야 하며, 전체적으로 10~25단어 내외로 작성하는 것을 권장합니다.","해당 음악을 충분히 상세하게 묘사하여, 이 설명만으로도 서로 유사한 다른 곡과 명확히 구분될 수 있도록 작성해 주십시오. 모든 답변은 반드시 10단어 이상이어야 하며, 전체적으로 10~25단어 내외로 작성하는 것을 권장합니다.","해당 음악을 충분히 상세하게 묘사하여, 이 설명만으로도 서로 유사한 다른 곡과 명확히 구분될 수 있도록 작성해 주십시오. 모든 답변은 반드시 10단어 이상이어야 하며, 전체적으로 10~25단어 내외로 작성하는 것을 권장합니다.","해당 음악을 충분히 상세하게 묘사하여, 이 설명만으로도 서로 유사한 다른 곡과 명확히 구분될 수 있도록 작성해 주십시오. 모든 답변은 반드시 10단어 이상이어야 하며, 전체적으로 10~25단어 내외로 작성하는 것을 권장합니다.","해당 음악을 충분히 상세하게 묘사하여, 이 설명만으로도 서로 유사한 다른 곡과 명확히 구분될 수 있도록 작성해 주십시오. 모든 답변은 반드시 10단어 이상이어야 하며, 전체적으로 10~25단어 내외로 작성하는 것을 권장합니다.","해당 음악을 충분히 상세하게 묘사하여, 이 설명만으로도 서로 유사한 다른 곡과 명확히 구분될 수 있도록 작성해 주십시오. 모든 답변은 반드시 10단어 이상이어야 하며, 전체적으로 10~25단어 내외로 작성하는 것을 권장합니다.","해당 음악을 충분히 상세하게 묘사하여, 이 설명만으로도 서로 유사한 다른 곡과 명확히 구분될 수 있도록 작성해 주십시오. 모든 답변은 반드시 10단어 이상이어야 하며, 전체적으로 10~25단어 내외로 작성하는 것을 권장합니다.","해당 음악을 충분히 상세하게 묘사하여, 이 설명만으로도 서로 유사한 다른 곡과 명확히 구분될 수 있도록 작성해 주십시오. 모든 답변은 반드시 10단어 이상이어야 하며, 전체적으로 10~25단어 내외로 작성하는 것을 권장합니다.","해당 음악을 충분히 상세하게 묘사하여, 이 설명만으로도 서로 유사한 다른 곡과 명확히 구분될 수 있도록 작성해 주십시오. 모든 답변은 반드시 10단어 이상이어야 하며, 전체적으로 10~25단어 내외로 작성하는 것을 권장합니다.","해당 음악을 충분히 상세하게 묘사하여, 이 설명만으로도 서로 유사한 다른 곡과 명확히 구분될 수 있도록 작성해 주십시오. 모든 답변은 반드시 10단어 이상이어야 하며, 전체적으로 10~25단어 내외로 작성하는 것을 권장합니다.","해당 음악을 충분히 상세하게 묘사하여, 이 설명만으로도 서로 유사한 다른 곡과 명확히 구분될 수 있도록 작성해 주십시오. 모든 답변은 반드시 10단어 이상이어야 하며, 전체적으로 10~25단어 내외로 작성하는 것을 권장합니다.","해당 음악을 충분히 상세하게 묘사하여, 이 설명만으로도 서로 유사한 다른 곡과 명확히 구분될 수 있도록 작성해 주십시오. 모든 답변은 반드시 10단어 이상이어야 하며, 전체적으로 10~25단어 내외로 작성하는 것을 권장합니다.","해당 음악을 충분히 상세하게 묘사하여, 이 설명만으로도 서로 유사한 다른 곡과 명확히 구분될 수 있도록 작성해 주십시오. 모든 답변은 반드시 10단어 이상이어야 하며, 전체적으로 10~25단어 내외로 작성하는 것을 권장합니다.","해당 음악을 충분히 상세하게 묘사하여, 이 설명만으로도 서로 유사한 다른 곡과 명확히 구분될 수 있도록 작성해 주십시오. 모든 답변은 반드시 10단어 이상이어야 하며, 전체적으로 10~25단어 내외로 작성하는 것을 권장합니다.","해당 음악을 충분히 상세하게 묘사하여, 이 설명만으로도 서로 유사한 다른 곡과 명확히 구분될 수 있도록 작성해 주십시오. 모든 답변은 반드시 10단어 이상이어야 하며, 전체적으로 10~25단어 내외로 작성하는 것을 권장합니다.","해당 음악을 충분히 상세하게 묘사하여, 이 설명만으로도 서로 유사한 다른 곡과 명확히 구분될 수 있도록 작성해 주십시오. 모든 답변은 반드시 10단어 이상이어야 하며, 전체적으로 10~25단어 내외로 작성하는 것을 권장합니다.","해당 음악을 충분히 상세하게 묘사하여, 이 설명만으로도 서로 유사한 다른 곡과 명확히 구분될 수 있도록 작성해 주십시오. 모든 답변은 반드시 10단어 이상이어야 하며, 전체적으로 10~25단어 내외로 작성하는 것을 권장합니다.","해당 음악을 충분히 상세하게 묘사하여, 이 설명만으로도 서로 유사한 다른 곡과 명확히 구분될 수 있도록 작성해 주십시오. 모든 답변은 반드시 10단어 이상이어야 하며, 전체적으로 10~25단어 내외로 작성하는 것을 권장합니다.","해당 음악을 충분히 상세하게 묘사하여, 이 설명만으로도 서로 유사한 다른 곡과 명확히 구분될 수 있도록 작성해 주십시오. 모든 답변은 반드시 10단어 이상이어야 하며, 전체적으로 10~25단어 내외로 작성하는 것을 권장합니다.","해당 음악을 충분히 상세하게 묘사하여, 이 설명만으로도 서로 유사한 다른 곡과 명확히 구분될 수 있도록 작성해 주십시오. 모든 답변은 반드시 10단어 이상이어야 하며, 전체적으로 10~25단어 내외로 작성하는 것을 권장합니다.","해당 음악을 충분히 상세하게 묘사하여, 이 설명만으로도 서로 유사한 다른 곡과 명확히 구분될 수 있도록 작성해 주십시오. 모든 답변은 반드시 10단어 이상이어야 하며, 전체적으로 10~25단어 내외로 작성하는 것을 권장합니다.","해당 음악을 충분히 상세하게 묘사하여, 이 설명만으로도 서로 유사한 다른 곡과 명확히 구분될 수 있도록 작성해 주십시오. 모든 답변은 반드시 10단어 이상이어야 하며, 전체적으로 10~25단어 내외로 작성하는 것을 권장합니다.","해당 음악을 충분히 상세하게 묘사하여, 이 설명만으로도 서로 유사한 다른 곡과 명확히 구분될 수 있도록 작성해 주십시오. 모든 답변은 반드시 10단어 이상이어야 하며, 전체적으로 10~25단어 내외로 작성하는 것을 권장합니다.","해당 음악을 충분히 상세하게 묘사하여, 이 설명만으로도 서로 유사한 다른 곡과 명확히 구분될 수 있도록 작성해 주십시오. 모든 답변은 반드시 10단어 이상이어야 하며, 전체적으로 10~25단어 내외로 작성하는 것을 권장합니다.","해당 음악을 충분히 상세하게 묘사하여, 이 설명만으로도 서로 유사한 다른 곡과 명확히 구분될 수 있도록 작성해 주십시오. 모든 답변은 반드시 10단어 이상이어야 하며, 전체적으로 10~25단어 내외로 작성하는 것을 권장합니다.","해당 음악을 충분히 상세하게 묘사하여, 이 설명만으로도 서로 유사한 다른 곡과 명확히 구분될 수 있도록 작성해 주십시오. 모든 답변은 반드시 10단어 이상이어야 하며, 전체적으로 10~25단어 내외로 작성하는 것을 권장합니다.","해당 음악을 충분히 상세하게 묘사하여, 이 설명만으로도 서로 유사한 다른 곡과 명확히 구분될 수 있도록 작성해 주십시오. 모든 답변은 반드시 10단어 이상이어야 하며, 전체적으로 10~25단어 내외로 작성하는 것을 권장합니다.","해당 음악을 충분히 상세하게 묘사하여, 이 설명만으로도 서로 유사한 다른 곡과 명확히 구분될 수 있도록 작성해 주십시오. 모든 답변은 반드시 10단어 이상이어야 하며, 전체적으로 10~25단어 내외로 작성하는 것을 권장합니다.","해당 음악을 충분히 상세하게 묘사하여, 이 설명만으로도 서로 유사한 다른 곡과 명확히 구분될 수 있도록 작성해 주십시오. 모든 답변은 반드시 10단어 이상이어야 하며, 전체적으로 10~25단어 내외로 작성하는 것을 권장합니다.","해당 음악을 충분히 상세하게 묘사하여, 이 설명만으로도 서로 유사한 다른 곡과 명확히 구분될 수 있도록 작성해 주십시오. 모든 답변은 반드시 10단어 이상이어야 하며, 전체적으로 10~25단어 내외로 작성하는 것을 권장합니다.","해당 음악을 충분히 상세하게 묘사하여, 이 설명만으로도 서로 유사한 다른 곡과 명확히 구분될 수 있도록 작성해 주십시오. 모든 답변은 반드시 10단어 이상이어야 하며, 전체적으로 10~25단어 내외로 작성하는 것을 권장합니다.","해당 음악을 충분히 상세하게 묘사하여, 이 설명만으로도 서로 유사한 다른 곡과 명확히 구분될 수 있도록 작성해 주십시오. 모든 답변은 반드시 10단어 이상이어야 하며, 전체적으로 10~25단어 내외로 작성하는 것을 권장합니다.","해당 음악을 충분히 상세하게 묘사하여, 이 설명만으로도 서로 유사한 다른 곡과 명확히 구분될 수 있도록 작성해 주십시오. 모든 답변은 반드시 10단어 이상이어야 하며, 전체적으로 10~25단어 내외로 작성하는 것을 권장합니다.","해당 음악을 충분히 상세하게 묘사하여, 이 설명만으로도 서로 유사한 다른 곡과 명확히 구분될 수 있도록 작성해 주십시오. 모든 답변은 반드시 10단어 이상이어야 하며, 전체적으로 10~25단어 내외로 작성하는 것을 권장합니다.","해당 음악을 충분히 상세하게 묘사하여, 이 설명만으로도 서로 유사한 다른 곡과 명확히 구분될 수 있도록 작성해 주십시오. 모든 답변은 반드시 10단어 이상이어야 하며, 전체적으로 10~25단어 내외로 작성하는 것을 권장합니다.","해당 음악을 충분히 상세하게 묘사하여, 이 설명만으로도 서로 유사한 다른 곡과 명확히 구분될 수 있도록 작성해 주십시오. 모든 답변은 반드시 10단어 이상이어야 하며, 전체적으로 10~25단어 내외로 작성하는 것을 권장합니다.","해당 음악을 충분히 상세하게 묘사하여, 이 설명만으로도 서로 유사한 다른 곡과 명확히 구분될 수 있도록 작성해 주십시오. 모든 답변은 반드시 10단어 이상이어야 하며, 전체적으로 10~25단어 내외로 작성하는 것을 권장합니다.","해당 음악을 충분히 상세하게 묘사하여, 이 설명만으로도 서로 유사한 다른 곡과 명확히 구분될 수 있도록 작성해 주십시오. 모든 답변은 반드시 10단어 이상이어야 하며, 전체적으로 10~25단어 내외로 작성하는 것을 권장합니다.","해당 음악을 충분히 상세하게 묘사하여, 이 설명만으로도 서로 유사한 다른 곡과 명확히 구분될 수 있도록 작성해 주십시오. 모든 답변은 반드시 10단어 이상이어야 하며, 전체적으로 10~25단어 내외로 작성하는 것을 권장합니다.","해당 음악을 충분히 상세하게 묘사하여, 이 설명만으로도 서로 유사한 다른 곡과 명확히 구분될 수 있도록 작성해 주십시오. 모든 답변은 반드시 10단어 이상이어야 하며, 전체적으로 10~25단어 내외로 작성하는 것을 권장합니다.","해당 음악을 충분히 상세하게 묘사하여, 이 설명만으로도 서로 유사한 다른 곡과 명확히 구분될 수 있도록 작성해 주십시오. 모든 답변은 반드시 10단어 이상이어야 하며, 전체적으로 10~25단어 내외로 작성하는 것을 권장합니다.","해당 음악을 충분히 상세하게 묘사하여, 이 설명만으로도 서로 유사한 다른 곡과 명확히 구분될 수 있도록 작성해 주십시오. 모든 답변은 반드시 10단어 이상이어야 하며, 전체적으로 10~25단어 내외로 작성하는 것을 권장합니다.","해당 음악을 충분히 상세하게 묘사하여, 이 설명만으로도 서로 유사한 다른 곡과 명확히 구분될 수 있도록 작성해 주십시오. 모든 답변은 반드시 10단어 이상이어야 하며, 전체적으로 10~25단어 내외로 작성하는 것을 권장합니다.","해당 음악을 충분히 상세하게 묘사하여, 이 설명만으로도 서로 유사한 다른 곡과 명확히 구분될 수 있도록 작성해 주십시오. 모든 답변은 반드시 10단어 이상이어야 하며, 전체적으로 10~25단어 내외로 작성하는 것을 권장합니다.","해당 음악을 충분히 상세하게 묘사하여, 이 설명만으로도 서로 유사한 다른 곡과 명확히 구분될 수 있도록 작성해 주십시오. 모든 답변은 반드시 10단어 이상이어야 하며, 전체적으로 10~25단어 내외로 작성하는 것을 권장합니다.","해당 음악을 충분히 상세하게 묘사하여, 이 설명만으로도 서로 유사한 다른 곡과 명확히 구분될 수 있도록 작성해 주십시오. 모든 답변은 반드시 10단어 이상이어야 하며, 전체적으로 10~25단어 내외로 작성하는 것을 권장합니다.","해당 음악을 충분히 상세하게 묘사하여, 이 설명만으로도 서로 유사한 다른 곡과 명확히 구분될 수 있도록 작성해 주십시오. 모든 답변은 반드시 10단어 이상이어야 하며, 전체적으로 10~25단어 내외로 작성하는 것을 권장합니다.","해당 음악을 충분히 상세하게 묘사하여, 이 설명만으로도 서로 유사한 다른 곡과 명확히 구분될 수 있도록 작성해 주십시오. 모든 답변은 반드시 10단어 이상이어야 하며, 전체적으로 10~25단어 내외로 작성하는 것을 권장합니다.","해당 음악을 충분히 상세하게 묘사하여, 이 설명만으로도 서로 유사한 다른 곡과 명확히 구분될 수 있도록 작성해 주십시오. 모든 답변은 반드시 10단어 이상이어야 하며, 전체적으로 10~25단어 내외로 작성하는 것을 권장합니다.","해당 음악을 충분히 상세하게 묘사하여, 이 설명만으로도 서로 유사한 다른 곡과 명확히 구분될 수 있도록 작성해 주십시오. 모든 답변은 반드시 10단어 이상이어야 하며, 전체적으로 10~25단어 내외로 작성하는 것을 권장합니다.","해당 음악을 충분히 상세하게 묘사하여, 이 설명만으로도 서로 유사한 다른 곡과 명확히 구분될 수 있도록 작성해 주십시오. 모든 답변은 반드시 10단어 이상이어야 하며, 전체적으로 10~25단어 내외로 작성하는 것을 권장합니다.","해당 음악을 충분히 상세하게 묘사하여, 이 설명만으로도 서로 유사한 다른 곡과 명확히 구분될 수 있도록 작성해 주십시오. 모든 답변은 반드시 10단어 이상이어야 하며, 전체적으로 10~25단어 내외로 작성하는 것을 권장합니다.","해당 음악을 충분히 상세하게 묘사하여, 이 설명만으로도 서로 유사한 다른 곡과 명확히 구분될 수 있도록 작성해 주십시오. 모든 답변은 반드시 10단어 이상이어야 하며, 전체적으로 10~25단어 내외로 작성하는 것을 권장합니다.","해당 음악을 충분히 상세하게 묘사하여, 이 설명만으로도 서로 유사한 다른 곡과 명확히 구분될 수 있도록 작성해 주십시오. 모든 답변은 반드시 10단어 이상이어야 하며, 전체적으로 10~25단어 내외로 작성하는 것을 권장합니다.","해당 음악을 충분히 상세하게 묘사하여, 이 설명만으로도 서로 유사한 다른 곡과 명확히 구분될 수 있도록 작성해 주십시오. 모든 답변은 반드시 10단어 이상이어야 하며, 전체적으로 10~25단어 내외로 작성하는 것을 권장합니다.","해당 음악을 충분히 상세하게 묘사하여, 이 설명만으로도 서로 유사한 다른 곡과 명확히 구분될 수 있도록 작성해 주십시오. 모든 답변은 반드시 10단어 이상이어야 하며, 전체적으로 10~25단어 내외로 작성하는 것을 권장합니다.","해당 음악을 충분히 상세하게 묘사하여, 이 설명만으로도 서로 유사한 다른 곡과 명확히 구분될 수 있도록 작성해 주십시오. 모든 답변은 반드시 10단어 이상이어야 하며, 전체적으로 10~25단어 내외로 작성하는 것을 권장합니다.","해당 음악을 충분히 상세하게 묘사하여, 이 설명만으로도 서로 유사한 다른 곡과 명확히 구분될 수 있도록 작성해 주십시오. 모든 답변은 반드시 10단어 이상이어야 하며, 전체적으로 10~25단어 내외로 작성하는 것을 권장합니다.","해당 음악을 충분히 상세하게 묘사하여, 이 설명만으로도 서로 유사한 다른 곡과 명확히 구분될 수 있도록 작성해 주십시오. 모든 답변은 반드시 10단어 이상이어야 하며, 전체적으로 10~25단어 내외로 작성하는 것을 권장합니다.","해당 음악을 충분히 상세하게 묘사하여, 이 설명만으로도 서로 유사한 다른 곡과 명확히 구분될 수 있도록 작성해 주십시오. 모든 답변은 반드시 10단어 이상이어야 하며, 전체적으로 10~25단어 내외로 작성하는 것을 권장합니다.","해당 음악을 충분히 상세하게 묘사하여, 이 설명만으로도 서로 유사한 다른 곡과 명확히 구분될 수 있도록 작성해 주십시오. 모든 답변은 반드시 10단어 이상이어야 하며, 전체적으로 10~25단어 내외로 작성하는 것을 권장합니다.","해당 음악을 충분히 상세하게 묘사하여, 이 설명만으로도 서로 유사한 다른 곡과 명확히 구분될 수 있도록 작성해 주십시오. 모든 답변은 반드시 10단어 이상이어야 하며, 전체적으로 10~25단어 내외로 작성하는 것을 권장합니다.","해당 음악을 충분히 상세하게 묘사하여, 이 설명만으로도 서로 유사한 다른 곡과 명확히 구분될 수 있도록 작성해 주십시오. 모든 답변은 반드시 10단어 이상이어야 하며, 전체적으로 10~25단어 내외로 작성하는 것을 권장합니다.","해당 음악을 충분히 상세하게 묘사하여, 이 설명만으로도 서로 유사한 다른 곡과 명확히 구분될 수 있도록 작성해 주십시오. 모든 답변은 반드시 10단어 이상이어야 하며, 전체적으로 10~25단어 내외로 작성하는 것을 권장합니다.","해당 음악을 충분히 상세하게 묘사하여, 이 설명만으로도 서로 유사한 다른 곡과 명확히 구분될 수 있도록 작성해 주십시오. 모든 답변은 반드시 10단어 이상이어야 하며, 전체적으로 10~25단어 내외로 작성하는 것을 권장합니다.","해당 음악을 충분히 상세하게 묘사하여, 이 설명만으로도 서로 유사한 다른 곡과 명확히 구분될 수 있도록 작성해 주십시오. 모든 답변은 반드시 10단어 이상이어야 하며, 전체적으로 10~25단어 내외로 작성하는 것을 권장합니다.","해당 음악을 충분히 상세하게 묘사하여, 이 설명만으로도 서로 유사한 다른 곡과 명확히 구분될 수 있도록 작성해 주십시오. 모든 답변은 반드시 10단어 이상이어야 하며, 전체적으로 10~25단어 내외로 작성하는 것을 권장합니다.","해당 음악을 충분히 상세하게 묘사하여, 이 설명만으로도 서로 유사한 다른 곡과 명확히 구분될 수 있도록 작성해 주십시오. 모든 답변은 반드시 10단어 이상이어야 하며, 전체적으로 10~25단어 내외로 작성하는 것을 권장합니다.","해당 음악을 충분히 상세하게 묘사하여, 이 설명만으로도 서로 유사한 다른 곡과 명확히 구분될 수 있도록 작성해 주십시오. 모든 답변은 반드시 10단어 이상이어야 하며, 전체적으로 10~25단어 내외로 작성하는 것을 권장합니다.",현재 연령대를 선택해 주세요.,현재 성별을 선택해 주세요.,"살면서 음악 활동(예: 밴드 활동, 합창단, 작곡, 꾸준한 개인 연습 등)에 참여한 기간은 총 몇 년인가요? 정규 레슨을 받지 않은 기간도 포함할 수 있습니다.","악기, 보컬, 작곡등의 음악 관련 개인 정규 레슨을 받은 기간은 총 몇 년인가요?",현재 주 평균 몇 시간을 주 악기 연습 또는 음악 제작/작곡에 사용하고 계신가요?,"ChatGPT, Gemini, Claude 등의 대화형 인공지능을 얼마나 자주 사용하시나요?","Suno, Udio 등 AI 음악 생성 도구를 사용해 본 적이 있으신가요?",AI 음악 생성 도구를 얼마나 자주 사용하시나요?,피드백이나 코멘트가 있다면 자유롭게 남겨주세요!
"{""ImportId"":""startDate"",""timeZone"":""America/New_York""}","{""ImportId"":""endDate"",""timeZone"":""America/New_York""}","{""ImportId"":""status""}","{""ImportId"":""ipAddress""}","{""ImportId"":""progress""}","{""ImportId"":""duration""}","{""ImportId"":""finished""}","{""ImportId"":""recordedDate"",""timeZone"":""America/New_York""}","{""ImportId"":""_recordId""}","{""ImportId"":""recipientLastName""}","{""ImportId"":""recipientFirstName""}","{""ImportId"":""recipientEmail""}","{""ImportId"":""externalDataReference""}","{""ImportId"":""locationLatitude""}","{""ImportId"":""locationLongitude""}","{""ImportId"":""distributionChannel""}","{""ImportId"":""userLanguage""}","{""ImportId"":""QID90_TEXT""}","{""ImportId"":""QID317_TEXT""}","{""ImportId"":""QID318_TEXT""}","{""ImportId"":""QID319_TEXT""}","{""ImportId"":""QID320_TEXT""}","{""ImportId"":""QID321_TEXT""}","{""ImportId"":""QID322_TEXT""}","{""ImportId"":""QID316_TEXT""}","{""ImportId"":""QID314_TEXT""}","{""ImportId"":""QID312_TEXT""}","{""ImportId"":""QID311_TEXT""}","{""ImportId"":""QID309_TEXT""}","{""ImportId"":""QID308_TEXT""}","{""ImportId"":""QID307_TEXT""}","{""ImportId"":""QID306_TEXT""}","{""ImportId"":""QID305_TEXT""}","{""ImportId"":""QID304_TEXT""}","{""ImportId"":""QID303_TEXT""}","{""ImportId"":""QID302_TEXT""}","{""ImportId"":""QID301_TEXT""}","{""ImportId"":""QID300_TEXT""}","{""ImportId"":""QID299_TEXT""}","{""ImportId"":""QID298_TEXT""}","{""ImportId"":""QID297_TEXT""}","{""ImportId"":""QID296_TEXT""}","{""ImportId"":""QID295_TEXT""}","{""ImportId"":""QID294_TEXT""}","{""ImportId"":""QID293_TEXT""}","{""ImportId"":""QID292_TEXT""}","{""ImportId"":""QID291_TEXT""}","{""ImportId"":""QID290_TEXT""}","{""ImportId"":""QID289_TEXT""}","{""ImportId"":""QID288_TEXT""}","{""ImportId"":""QID287_TEXT""}","{""ImportId"":""QID286_TEXT""}","{""ImportId"":""QID285_TEXT""}","{""ImportId"":""QID284_TEXT""}","{""ImportId"":""QID283_TEXT""}","{""ImportId"":""QID282_TEXT""}","{""ImportId"":""QID281_TEXT""}","{""ImportId"":""QID280_TEXT""}","{""ImportId"":""QID279_TEXT""}","{""ImportId"":""QID278_TEXT""}","{""ImportId"":""QID277_TEXT""}","{""ImportId"":""QID276_TEXT""}","{""ImportId"":""QID275_TEXT""}","{""ImportId"":""QID274_TEXT""}","{""ImportId"":""QID273_TEXT""}","{""ImportId"":""QID272_TEXT""}","{""ImportId"":""QID268_TEXT""}","{""ImportId"":""QID267_TEXT""}","{""ImportId"":""QID266_TEXT""}","{""ImportId"":""QID265_TEXT""}","{""ImportId"":""QID264_TEXT""}","{""ImportId"":""QID263_TEXT""}","{""ImportId"":""QID262_TEXT""}","{""ImportId"":""QID261_TEXT""}","{""ImportId"":""QID260_TEXT""}","{""ImportId"":""QID259_TEXT""}","{""ImportId"":""QID258_TEXT""}","{""ImportId"":""QID257_TEXT""}","{""ImportId"":""QID256_TEXT""}","{""ImportId"":""QID254_TEXT""}","{""ImportId"":""QID253_TEXT""}","{""ImportId"":""QID252_TEXT""}","{""ImportId"":""QID251_TEXT""}","{""ImportId"":""QID250_TEXT""}","{""ImportId"":""QID249_TEXT""}","{""ImportId"":""QID248_TEXT""}","{""ImportId"":""QID247_TEXT""}","{""ImportId"":""QID246_TEXT""}","{""ImportId"":""QID245_TEXT""}","{""ImportId"":""QID244_TEXT""}","{""ImportId"":""QID243_TEXT""}","{""ImportId"":""QID242_TEXT""}","{""ImportId"":""QID241_TEXT""}","{""ImportId"":""QID240_TEXT""}","{""ImportId"":""QID239_TEXT""}","{""ImportId"":""QID238_TEXT""}","{""ImportId"":""QID236_TEXT""}","{""ImportId"":""QID235_TEXT""}","{""ImportId"":""QID234_TEXT""}","{""ImportId"":""QID233_TEXT""}","{""ImportId"":""QID232_TEXT""}","{""ImportId"":""QID231_TEXT""}","{""ImportId"":""QID230_TEXT""}","{""ImportId"":""QID229_TEXT""}","{""ImportId"":""QID228_TEXT""}","{""ImportId"":""QID227_TEXT""}","{""ImportId"":""QID226_TEXT""}","{""ImportId"":""QID225_TEXT""}","{""ImportId"":""QID224_TEXT""}","{""ImportId"":""QID223_TEXT""}","{""ImportId"":""QID221_TEXT""}","{""ImportId"":""QID222_TEXT""}","{""ImportId"":""QID220_TEXT""}","{""ImportId"":""QID219_TEXT""}","{""ImportId"":""QID218_TEXT""}","{""ImportId"":""QID217_TEXT""}","{""ImportId"":""QID216_TEXT""}","{""ImportId"":""QID215_TEXT""}","{""ImportId"":""QID214_TEXT""}","{""ImportId"":""QID213_TEXT""}","{""ImportId"":""QID210_TEXT""}","{""ImportId"":""QID211_TEXT""}","{""ImportId"":""QID178_TEXT""}","{""ImportId"":""QID179_TEXT""}","{""ImportId"":""QID180_TEXT""}","{""ImportId"":""QID181_TEXT""}","{""ImportId"":""QID182_TEXT""}","{""ImportId"":""QID183_TEXT""}","{""ImportId"":""QID184_TEXT""}","{""ImportId"":""QID185_TEXT""}","{""ImportId"":""QID186_TEXT""}","{""ImportId"":""QID187_TEXT""}","{""ImportId"":""QID188_TEXT""}","{""ImportId"":""QID189_TEXT""}","{""ImportId"":""QID190_TEXT""}","{""ImportId"":""QID191_TEXT""}","{""ImportId"":""QID192_TEXT""}","{""ImportId"":""QID193_TEXT""}","{""ImportId"":""QID194_TEXT""}","{""ImportId"":""QID195_TEXT""}","{""ImportId"":""QID196_TEXT""}","{""ImportId"":""QID197_TEXT""}","{""ImportId"":""QID198_TEXT""}","{""ImportId"":""QID199_TEXT""}","{""ImportId"":""QID200_TEXT""}","{""ImportId"":""QID201_TEXT""}","{""ImportId"":""QID202_TEXT""}","{""ImportId"":""QID203_TEXT""}","{""ImportId"":""QID204_TEXT""}","{""ImportId"":""QID205_TEXT""}","{""ImportId"":""QID206_TEXT""}","{""ImportId"":""QID207_TEXT""}","{""ImportId"":""QID208_TEXT""}","{""ImportId"":""QID209_TEXT""}","{""ImportId"":""QID146_TEXT""}","{""ImportId"":""QID147_TEXT""}","{""ImportId"":""QID148_TEXT""}","{""ImportId"":""QID149_TEXT""}","{""ImportId"":""QID150_TEXT""}","{""ImportId"":""QID151_TEXT""}","{""ImportId"":""QID152_TEXT""}","{""ImportId"":""QID153_TEXT""}","{""ImportId"":""QID154_TEXT""}","{""ImportId"":""QID155_TEXT""}","{""ImportId"":""QID156_TEXT""}","{""ImportId"":""QID157_TEXT""}","{""ImportId"":""QID158_TEXT""}","{""ImportId"":""QID159_TEXT""}","{""ImportId"":""QID160_TEXT""}","{""ImportId"":""QID161_TEXT""}","{""ImportId"":""QID162_TEXT""}","{""ImportId"":""QID163_TEXT""}","{""ImportId"":""QID164_TEXT""}","{""ImportId"":""QID165_TEXT""}","{""ImportId"":""QID166_TEXT""}","{""ImportId"":""QID167_TEXT""}","{""ImportId"":""QID168_TEXT""}","{""ImportId"":""QID169_TEXT""}","{""ImportId"":""QID170_TEXT""}","{""ImportId"":""QID171_TEXT""}","{""ImportId"":""QID172_TEXT""}","{""ImportId"":""QID173_TEXT""}","{""ImportId"":""QID174_TEXT""}","{""ImportId"":""QID175_TEXT""}","{""ImportId"":""QID176_TEXT""}","{""ImportId"":""QID177_TEXT""}","{""ImportId"":""QID114_TEXT""}","{""ImportId"":""QID115_TEXT""}","{""ImportId"":""QID116_TEXT""}","{""ImportId"":""QID117_TEXT""}","{""ImportId"":""QID118_TEXT""}","{""ImportId"":""QID119_TEXT""}","{""ImportId"":""QID120_TEXT""}","{""ImportId"":""QID121_TEXT""}","{""ImportId"":""QID122_TEXT""}","{""ImportId"":""QID123_TEXT""}","{""ImportId"":""QID124_TEXT""}","{""ImportId"":""QID125_TEXT""}","{""ImportId"":""QID126_TEXT""}","{""ImportId"":""QID127_TEXT""}","{""ImportId"":""QID128_TEXT""}","{""ImportId"":""QID129_TEXT""}","{""ImportId"":""QID130_TEXT""}","{""ImportId"":""QID131_TEXT""}","{""ImportId"":""QID132_TEXT""}","{""ImportId"":""QID133_TEXT""}","{""ImportId"":""QID134_TEXT""}","{""ImportId"":""QID135_TEXT""}","{""ImportId"":""QID136_TEXT""}","{""ImportId"":""QID137_TEXT""}","{""ImportId"":""QID138_TEXT""}","{""ImportId"":""QID139_TEXT""}","{""ImportId"":""QID140_TEXT""}","{""ImportId"":""QID141_TEXT""}","{""ImportId"":""QID142_TEXT""}","{""ImportId"":""QID143_TEXT""}","{""ImportId"":""QID144_TEXT""}","{""ImportId"":""QID145_TEXT""}","{""ImportId"":""QID50""}","{""ImportId"":""QID51""}","{""ImportId"":""QID83_TEXT""}","{""ImportId"":""QID82_TEXT""}","{""ImportId"":""QID84_TEXT""}","{""ImportId"":""QID58""}","{""ImportId"":""QID85""}","{""ImportId"":""QID60""}","{""ImportId"":""QID111_TEXT""}"
2026-03-25 02:15:23,2026-03-25 02:28:54,IP Address,165.194.187.192,100,810,True,2026-03-25 02:28:54,R_4t4klUmWqNIPSpJ,,,,,37.5658,126.978,anonymous,EN,템포 100이상의 빠르기를 가진 기분 좋아지는 분위기의 남성보컬의 노래. 주말에 가족들이 모두 차에 타고 신나게 뻥 뚫린 고속도로를 달리는 느낌의 영향을 받음,,,,,한강에서 달리기 하며 듣기 좋은 가벼운 리듬의 4/4박자의 경쾌한 음악,,,,,,,,,,,,,,,"120 속도의 이상의 소리지르는 일렉트로닉 음반인 것 같음. 강한 헤비메탈 같은 느낌을 줌. 달리기나 점프 같은 게임을 할 때, 혹은 총싸움을 할때나 영화에서 액션 씬에서 나오는 음악 같음.",,,,,,,,,,,,,,,,"일렉트로닉 기타가 도입부에 들어가고, 남성 보컬이지만 굉장히 예민하고, 샤우팅 기법이 도드라지는 음악. 주말 저녁 펍에서 들릴 법한 시끌벅적한 분위기의 노래.",,,,,,,,,,,,,,,,,,,,,,,,,,,,"일렉트레닉 음반으로 느껴지고, 일본어처럼 보여지는 남성보컬이 파워풀함. 액션영화에도 사용될 법한 느낌이 듬. 기분은 그다지 좋지 않은 정서를 줌",,,,,,,,,,,,시골에서 들리는 벌어지는 블랙 코미디의 배경음악 같은 분위기를 자아내는 남성보컬의 음악. 화음이 구성되어 있으며 기타소리가 들림.,,,,,,,,,,,,,,,,,,,,,,,,,,,,,,,,,환상적인 분위기를 묘사하는 듯한 여성보컬의 노래. 윈드차임벨 같은 효과가 도드라지고 마치 주말 따뜻한 햇살을 맞으며 일어나거나 연말의 따뜻하고 몽글몽글한 분위기를 자아냄,,,"영화에서 영향을 받은 고음반 같은 느낌의 음질이 느껴지고, 여성보컬이 소울풀하게 가창됨. 90년대 이전 유행했던 리듬과 선율이 주를 이루는 것 같음.",점음표가 도드라지는 4박자 계통의 남성 보컬의 노래. 그루브가 느껴지고 피아노 솔로와 남성보컬의 보컬이 돋보임. 중저음의 노래.,,,대중적인 2000년대의 미디움 템포의 팝 느낌. 여성보컬과 화음이 돋보이며 가창력이 느껴짐.,,,,,,,,,,,,,,,,"기타음악이 느슨하게 이어지고, 박자의 구분없이 선율이 이어지는 듯한 느낌을 자아냄. 보컬은 없고 클래식 기타의 주된 선율로 느껴짐. 2중주 이상으로 여겨짐.",,,,,,,,,,,,,,,,,,,,,,,,,,,,,,,,,,,,,,,,,,,,,,,,,,,,,,,,,,,,,,,,,,,,,35 - 44,여성,10,10,4,매일 또는 주에 여러번,아니오,,"좋은 경험 하게 해주셔서 감사해요. 연구 잘 이루어지길 바랍니다. "
2026-03-27 01:04:55,2026-03-27 01:39:04,IP Address,175.211.98.96,100,2048,True,2026-03-27 01:39:04,R_4Q9nJ23ivffcun0,,,,,37.7542,126.557,anonymous,EN,"신나는 리듬의 드럼과 기타 소리, 반복적인 추임새와 이어지는 남성 보컬의 파티 노래",,,,,,,,,,,,,,,,,,,,,,,,,,,,,,,,,,,,,,,,,,,,일렉트릭스러운 악기 남성 보컬의 추임새 변칙적인 구성과 신나는 드럼 비트,,,,,,,,,,,,,,,,,,"재즈스럽고 부드러운 여성 보컬, 잔잔하고 아침에 듣기 좋은 조용하고 편안한 피아노 반주",,,,,,,,,,,,,,,,,,,,,,,,,,,,,,,"어둡고 신나는 힙합 붐뱁 비트, 묵직한 무게감이 느껴지는 남성 보컬의 랩",,,,,,,,,,,,,,,,,,,,,,,,,,,,,,,,,,"컨트리스러운 서부 느낌의 기타 리드, 중년 남성이 떠오르는 남성 보컬의 목소리",,,"편안하고 차분한, 부드럽고 몽환적인 배경음과 변칙적인 드럼, 남성 보컬의 조용한 목소리",,,"edm스러운 규칙적인 드럼 비트와 전자악기 소리, 시끄럽지 않지만 신나는 분위기, 팝스러운 여성 보컬",,,,"듣기 편안하고 신나는 기타 반주와 컨트리스러운 남성 보컬, 규칙적인 드럼 소리",,,,,,,,,,,,,,,,,,,,,,,,,,"록, 일렉 기타와 키보드 소리, 남성 보컬의 목소리가 잘 들리는 노래, 신나고 하이틴스러운 분위기","록, 일렉 기타와 드럼 소리가 신나는 분위기를 만들고 가벼운 남성 보컬의 목소리가 잘들리는 음악",,,,,,,,,,,,,,,,,,,,,,,,,,,,,,,,,,,,,25 - 34,남성,5,1,0,매일 또는 주에 여러번,네,월 1회 이하,
2026-03-29 21:11:28,2026-03-29 21:51:57,IP Address,23.233.79.218,100,2428,True,2026-03-29 21:51:58,R_6gU2S7QKYqUvbWh,,,,,43.7012,-79.3877,anonymous,EN,"매우 흥겨운 남성 밴드의 음악. 경쾌한 드럼과 나팔소리로 마치 차고 인디 밴드의 풋풋함 보여준다  ",,,,,,미국권 컨트리 음악을 강하게 연상시키는 이 친근하고 경쾌한 음악은 마치 미국의 서부극에서 카우보이가 부르는 듯한 분위기를 만든다.,,,,,,,,,,,,,,,,,,,,,,,,,,,,,,,,,,,,,,,,,,,,,,,,,,,,,,,,,,,,,,마치 속삭이는듯한 여성 보컬과 저음 진동?의 리듬은 도시의 밤을 연상케하는 어두운 분위기를 만든다.,,,,,,,,,,,,,,,,,,,,,,,,,,,,,,,"느리고 반복적인 리듬과 백그라운드 싱어의 존재, 강한 어투가 묻어나는 감미로운 남성 보컬은 1980년대의 (비영어권)유럽 히트곡들을 연상케 한다",,,,,,,,,,,"20세기의 뮤지컬이 연상되는 여성 보컬, 효과음, 백그라운드 음악. 마치 무대에서 공연하는듯한 소리가 극장/디즈니 영화 같은 당찬 분위기를 만든다.  ",,,,,,,,,,,"유로비트가 강하게 연상되는 비트, 가사, 매우 빠른 리듬이 상당히 빠른 템포의 노래를 만든다. 마치 레이싱을 하는것같다 ",,,,,,,,,,,,,,,,,,,,,,"EDM 느낌의 비트와 현대적인 효과음, 후크 부분으로 추정되는 반복적이고 중독적인 노래. 클럽에 있는 분위기를 내는 경쾌한 무드가 위주다   ",,,,,,,,,,,,"저음 위주의 일렉 기타 소리와 함께 절박한 느낌의 남성 솔로 보컬. 반복적인 리듬과 저음의 조화로 매우 우중충한 분위기가 남   ",,,,"전형적인 록 밴드의 거친 분위기가 강하게 느껴지는 노래. 강력한 일렉기타 소리와 드럼 난타와 거친 보컬은 록 밴드 공연을 직관하는 뜨거운 분위기를 만든다 ",,,,,,,,,,,,,"감미로운 남성 보컬와 기타 소리의 조화, 아련한 리듬과 효과음은 현대적인 해석이 들어간 (영어권)컨트리 음악을 연상케 한다.",,,,,,,,"웅장한 오케스트라가 마치 극장 바로 앞에서 직관하는듯한 분위기를 만든다. 웅장하고도 감미로운 클래식 음악은 마치 압도적인 자연 풍경을 앞둔것 같다    ",,,,,,,,,,,,,,,,,,,,,18 - 24,남성,0,2,0,매일 또는 주에 여러번,아니오,,"음악 샘플들이 정말로 좋아요 원곡이 있으면 꼭 듣고 싶습니다. 이게 AI 음악이면 풀버전으로 만드셨으면 정말 정말로 좋겠습니다!  "
2026-03-29 22:17:25,2026-03-29 22:33:08,IP Address,128.61.160.231,100,942,True,2026-03-29 22:33:09,R_5NP5F54E9AYfXvr,,,,,33.7749,-84.3975,anonymous,EN,신나는 남성 보컬과 밴드음악. 예능 앤딩에 나올법한 리듬이 특징.,,,,,,,,,,,,,여성 보컬의 팝 음악. 밴드 악기와 보컬이 잘 어우러져있고 노래를 잘 하는 보컬이 특징인 음악.,,,,,,남성 랩퍼의 영어 랩. 어두운 느낌의 비트와 무거운 느낌의 랩이 특징인 음악.,,,,"영어 남성 보컬의 랩 음악. 전형적인 올드스쿨 힙합 비트에 80년대 힙합 뮤비가 생각나는 음악.
",,,,,,,,,,,,,,,,,,,,,,,,,,,,,,,,,,,,,,,,,,,,,,,,,,,,,,,,,,,,"신나는 댄스음악. 쉬운 맬로디와 반복적인 맬로디로 드라이브할때 라디오에서 나올 것 같은 음악.
",,,,,,,,영화음악 느낌의 오케스트라 곡. 신비롭고 웅장한 분위기 현악기와 분위기를 고조시키는 관악기가 특징인 곡.,,,,,,,,,,,,,신나는 EDM 음악. 천천히 진행되는 빌드업과 클럽이나 드라이브가 생각나는 음악.,,,,,,,,,,,,,,,,,,,,,,,,어두운 느낌의 펑크 록 음악. 가죽 자켓 입은듯한 밴드가 그려지는 음악.,,,,,,,신나는 테크노 음악. 로봇 소리같은 보컬과 신나는 드럼 그리고 좌 우 를 오가는 전자 악기 소리가 특징.,,,,,,,,,,,,기타 연주곡. 80년대 배경의 할리우드 영화에 등장할법한 오토바이 주행 씬이 생각나는 음악.,,,,신나는 비트와 허스키한 여성 보컬이 특징인 음악. 패스티벌장에서 나올것 같은 느낌의 음악.,,,,,,,,,,,,,,,,,,,,,,,,,,,,,,,,,,,,,,,,,,,,,,,,,,25 - 34,남성,24,24,2,매일 또는 주에 여러번,네,매일 또는 주에 여러번,히히 상헌 짜응
2026-03-29 22:08:37,2026-03-29 22:43:23,IP Address,143.215.16.173,100,2086,True,2026-03-29 22:43:24,R_6ObTaTUypfDL0WJ,,,,,33.7838,-84.4455,anonymous,EN,남성 보컬과 백킹 보컬이 곁들여진 리드미컬하고 신나는 빠른 템포의 곡,,,,,,,,,,,,,,,,,,,,,,,,,,,,,,,,,,"약간은 복잡한 멜로디를 쓰면서도 이상하지는 않은, 특이한 감성이 느껴지는 남성 밴드음악, 후반부에 남성 보컬과 백킹 보컬들이 존재함",,,,,,,,,,,,"다소 빠르면서도 컨트리 음악 느낌이 나는 남성 보컬 곡, 보컬이 여러겹이 쌓여있어서 보컬튠 느낌이 나는 것이 특징",,,,,,,여름과 스포츠에 어울릴듯한 신나고 거칠면서도 청량한 느낌의 남성 밴드 곡,,,,,,,,,,,,,,,,,,,,,,,,,,,,,,,,,,,,,,,,,,,,,,,,,,,,,,,,,,,,,,,,,"피아노, 베이스, 드럼으로 경쾌하게 시작하는 오래된 음질의 재즈 보컬 음악, 두명의 보컬중 고음 파트의 보컬은 중성적임",,,,약간 올드한 느낌이 나는 강한 킥을 베이스로 하는 드럼과 전자음으로 구성된 남성 밴드 곡,,,,,,,,,,,,"세련되면서도 재미있는 스타일의 남성 팝송, 기타, 드럼, 신디로 사운드가 채워지며 곡 안에서 다양한 구간이 나눠짐",,,,,,,,,,남성 보컬들과 일렉기타와 드럼이 메인 악기로 구성된 신나고 빠른 밴드곡,,,,,,,,,,,,,,,,,,,,,,,,,,,,,,,,,,,,,"터프한 남성 랩으로 구성된 신나는 힙합곡, 비트와 적절한 추임새가 인상적임",,,,,,,,,,,,"신선한 전자음을 메인으로 구성된, 다채로운 음정이 사용되고 터프하면서도 힙한 곡",유럽의 밤거리 속에 있는 재즈바에서 연주될 법한 몽환적이면서도 우수에 젖은 곡,,,,,,,25 - 34,남성,22,7,3,매일 또는 주에 여러번,네,한두 번 사용해 봤지만 정기적으로 사용하지 않음,너무 즐거워요!
2026-03-29 21:52:06,2026-03-29 22:47:24,IP Address,128.61.160.243,100,3317,True,2026-03-29 22:47:25,R_6aE3HvdQ5jQgMmF,,,,,33.7749,-84.3975,anonymous,EN,"에너지가 넘치는 기타 연주와 한국인 발음으로 영어하는 남성, 일본 애니메이션 오프닝 같은 느낌",,,,,,,,,,,,,,,,,,"잔잔한 반복적인 배경 음악이 있고 남자가 노래하기 보다는 말하는 것에 가까움. ",,,,,,,,,,,,,,,,,,,,,,,,"클래시컬한 반복적인 바이올린 연주 위에 노래하는 여자. 연주는 빠르지만, 노래는 느리다.",,,,,,신비로운 분위기를 연출하는 잔잔한 음악. 소리의 변화가 별로 없는 것이 특징. 영화에서 자연을 나타낼 때 쓸 법 한 음악.,,,,,,,,,굉장히 강한 일렉 기타가 특징. 드럼과 남성 강한 목소리의 남성 보컬도 나옴.,,,,,,,,,,,,,,,,,영화에서 웅장한 분위기를 연출할 때 사용될 법한 음악. 처음에는 조용하다가 점점 소리가 고조되는게 특징.,,,,,,,,,,,,,,,,,,,,,슬픈 분위기의 클래시컬한 연주. 영화에서 슬픈 장면을 모샤할 때 나올 법함.,,,,,,,"힙합/랩 장르의 노래. 남자의 빠르게 랩하다가 느리게 랩한다. 느린 랩, 빠른 랩 순으로 진행되며, 각 부분의 가사가 똑같다.",,,,,,,,,,,,,,,,,,,,,,,,,,,남자가 소리지르 듯이 노래하고 실제로 소리도 질름. 강한 일렉 기타가 있고 록 음악 같음.,,,,,,,,,,,,,,,,,,,,,,,,,,,굉장히 강한 남성 목소리와 일렉 기타. 일렉 기타는 애니메이션 전투씬에서 나올 법함.,,,,,,,,,,,,,,,,,,,,,,,,,,,,,,,,,,,,,,,,,,,"다양한 여성의 목소리가 나오는 오묘한 분위기의 노래. 배경의 반복적인 비트가 있지만, 한 여성의 목소리가 항상 노래의 포커스다.",,18 - 24,남성,0,0,0,매일 또는 주에 여러번,네,한두 번 사용해 봤지만 정기적으로 사용하지 않음,
2026-03-29 22:18:51,2026-03-29 23:00:51,IP Address,147.46.35.65,100,2519,True,2026-03-29 23:00:51,R_9O3zfVmN6Dmc5m9,,,,,37.4873,126.9227,anonymous,EN,"영화 시작부에 등장할 법한 경쾌한 음악으로, 락 느낌의 보컬이 가미되어 분위기를 끌어올림",," 피아노 선율을 배경으로 여성 보컬이 너와 나 사이의 관계를 다루는 음악",,,,,,,,"영화의 클라이막스에 나올법하며 대규모 전투 배경음악에 어울리는 웅장한 오케스트라 음악으로 몰입감을 높여주고 있음 ",,,,,강렬한 락 음악으로 드럼과 기타소리가 보컬과 함께 어우러지며 애절한 느낌을 줌,,,,,,,,,랩 음악으로 벨소리와 같은 배경음악이 보컬 뒤에서 포인트를 주어 박자를 타게 함,,,,,,,,,,,,,,,,,,,,,,,,,,,,,,,,,,,,,,,,,,프랑스어로 생각되는 남자 보컬이 처음 듣는 스타일의 음악 스타일로 노래하고 있음,,,,,,,,,,,,,,,,,,,,,,,,,,,,,,,,,,,,,,,,,,,,,,,,스트릿 음악으로 생각되는 랩으로 반복되는 배경 속에 남성 보컬이 랩을 이어나가고 있음,,,,,,,,,,,,,,,,,,,,,,,,,,,,,,,,,,,,,,,,,,,,,,매우 강렬한 락 스타일로 시작하여 경쾌한 비트가 주를 이루는 음악,,,,,,,신비한 전자음을 배경으로 여성 보컬이 함께 신비롭게 노래하며 도시에서의 생활을 다루고 있음,,,,,,1900년대 째즈풍의 음악으로 헨리 8세 왕을 주제로 하는 보컬이 함께 등장함,,,,,,,,,,,정글이 생각나는 다양한 신비한 효과음을 배경으로 강력한 여성 보컬이 랩을 하고 있는 음악,,,,,,,,,,,,,,,,,25 - 34,남성,2,4,0,매일 또는 주에 여러번,아니오,,
2026-03-30 00:46:21,2026-03-30 01:00:37,IP Address,172.59.213.119,100,855,True,2026-03-30 01:00:37,R_6NX6jbH726UCjrH,,,,,40.7641,-74.1654,anonymous,EN,미국 하이틴 영화 오프닝 인트로 노래 분위기. 고등학교에서 친구들끼리 하하호호 하면서 장난치다가 선생님들한테 걸려서 도망가는 신 나와야됨,,,,,,,,,,,,,,,,,,,,,,,,,,"두 남자가 서로 마줘보고 앉아서 걍 그윽히
쳐다봄. 그냥 지친듯함",,,,,,넷플릭스 로맨스 시리즈에 나올법한 전형적인 백그라운드 뮤직. 베드신으로 이어지는 노래 근데 막 explicit 하지는 않은 약간에 소프트한,,,,,,,,,,,,,,,그건…나였어…! 끝 하고 이제 엔딩 장면 놔야됨. 그리고 배우들끼리 엔딩 크레뎃 옆에서 서루 춤추는 장면 나와야함,,,,,,,,,,,,,,,,,,,,,,,,하하.. 그랬구만.근데 뭐가 중요하지 결국엔.. 하고 이제 하하하 웃으면서 길거리를 걸어가는 20대 남자아이가 보임.,,,,,,,,,,,,,,,,,,,예를들어 분노의 질주 맴버들이 그래 사우디로 가자! 해서 사우디로 가는 장면. 이제 거기서 폭탄 해체할 수 있는 코드가 들어있는 장비를 찾기위해 화련한 옷을 입고 클럽에 들어감. 카지노가 보임,,,,,,,,,,미국 대형/트럭 자동차 광고 음악. 석양이 보이고 하얀자동차가 사막을 지나가는 영상과 털이 덥수룩한 남자가 나옴,,,,,,,,,,,,,,,,,,,,,,,,,,,,,,,,,,,,,,와우 난 짱 멋쪙:)!! 할 것 같은 여주가 자신감을 얻어서 막 뛰어댕기는 장면이 나와야함,,흑인 백인둘이서 사견을 해결하기 위해 갱단이 활동히는 구역에 돌아댕기는 신,,,,,,,,,동양 영화나 시리즈에서 대레 나올법한 유러피안 노래. 상반된 느낌의 장면이 나와야함. 누가 누굴 죽이는 장면이라던가 고독히 쓸쓸하게 죽어갈때,,,,2000년대 초반에 만든 8/90년대 노래. 디스코풍에 옛스러운 고풍 머리스타일을 한 남자가 나와서 춤출 것 같음,,,,,,,,,,,,,,,,,,,,,,,,,,,,,,,,,,,,,,,,,,,,,,,,18 - 24,남성,5,1,10,매일 또는 주에 여러번,아니오,,"굳잡 "
2026-03-30 01:37:09,2026-03-30 02:37:31,IP Address,110.8.171.125,100,3622,True,2026-03-30 02:37:32,R_4uPTM2D5yJhTLl0,,,,,37.5359,127.2078,anonymous,EN,,,,,,,,,,"^\s*(\S+\s+){9,}\S+\s*$",,,,,,,6-70년대를 배경으로 한 컨트리풍 음악의 정수. 텍사스의 사막 지대 한가운데에 있는 국도 변의 오래된 다이너에서 나올 법한 음악.,,,,,,,,,,,,,약간의 우울증을 앓는 미국 대학생이 땅거미가 지는 저녁 때 즈음 캠퍼스를 떠나 다운타운을 정처없이 떠돌다 지하도로 내려가는 계단에 걸터앉아 마리화나를 피면서 들을 것 같은 노래,"진보적인 색채를 가진 미국의 대형 주립대학 캠퍼스에서 이어폰을 끼고 완연한 봄이 찾아온 교정을 거니는 대학생이 듣는 듯한 음악. ",,,,,,,,,,,,,,,,,,,,,,,,,,,,,,,,,,,,,"약간의 사이버펑크 분위기가 있지만 배경이 미래인 것은 아니다. 미래 지향적인 컨셉을 가진 도시나 건물에서 거대 미래 기업의 컨퍼런스가 이루어지고 있고, 부유한 주최자가 등장하며 백그라운드 음악으로 깔릴 것 같은 노래.",,,,,,,,,,,,,,독일 베를린 지역의 어느 지하 스테이지에서 이러한 장르의 음악을 좋아하는 2-30대들이 모여 어둠 속의 정신없는 조명 아래에서 손에는 맥주 한 캔을 들고 느리게 춤을 추며 듣는 듯한 노래,,,,,,,,,,,,,,,,,,,,,,,,,,,,,,,,,,,,,,,이집트의 피라미드가 멀리 보이는 작은 도시에서 모험을 떠나기 전 잠깐의 휴식을 취하는 듯한 느낌의 음악. 눈앞에 보이는 풍경은 고대이지만 음악의 시점은 현재로서 신구가 조화된 느낌을 선사.,,,,,,,,,,,,,,,,,,,,,,,,,,,,,,,,,,,,,,,,,,,,,,히스패닉과 흑인 문화가 혼합된 미국 서부의 어느 지역에서 벌어지는 야외 파티에서 배경음악으로 들릴 만한 노래.,,,,영화 <노팅 힐>의 로맨틱한 감성과 2020년대 핫플레이스의 세련됨이 가미된 런던 중심부에서 모던한 복장의 젊은 여성이 길을 걸어가며 듣는 듯한 노래,,,,,,,,,작열하는 태양 아래 버려진 군용 활주로에 난입한 혈기왕성한 청년들이 중고 올드카를 타고 질주하며 배경음악으로 높은 데시벨로 틀어놓을 것 같은 노래,,,,,,,,,,,,,,,,,,,,,,18 - 24,남성,14,3,0,매일 또는 주에 여러번,아니오,,
2026-03-30 01:37:37,2026-03-30 02:59:15,IP Address,175.118.225.161,100,4898,True,2026-03-30 02:59:16,R_5y30lI1cAmYWgS6,,,,,37.5479,126.9086,anonymous,EN,한국의 전국 노래 자랑과 휴게소의 뽕짝이 떠오르는 경쾌하고 에너지 넘치는 도입부로 시작했는데 갑자기 영어가사가 나오면서 순식간에 영국 락밴드 분위기가 형성되어 축축한 잔디밭이 떠오른다.,,,,,,,"그래피티로 뒤덮인 시멘트 외장벽, 허리춤에 체크셔츠를 두르고, 후줄근한 배기바지를 입은 사람들이 춤 대결을 하고 있을 것 같다. 헤드폰을 착용했으며 머리 스타일은 레게 머리나 비니를 쓰고있을것 같다. 분위기는 전반적으로 텐션이 높지만 페스티벌 정도는 아니며 그냥 동네에 있는 공원이 떠오른다.","도입부는 올림픽 주제가 같다. 한국의 러브홀릭스<butterfly>가 떠오른다. 
하늘과 맞닿아 있는 대지에서 자유롭게 두팔 벌린채 노래를 부르는 밴드가 떠오른다.",,,,,,,,,,,,,,"8-90년대 분위기가 떠오른다. 남자 댄서가 비가 오는 추적추적한 거리에서 흰색 나시, 회색후드티를 입고 통 넓은 찢어진 청바지에 줄 이어폰까지 낀 채로 분위기를 잡으며 간드러지게 춤을 추는 장면이 생각난다.",,,,,,,,,,,,,,,,,,,,,,,,,,,,"비싼 차, 금 목걸이, 선글라스, 엉거주춤한 자세로 멋있는척 느낌을 풍기는 래퍼들. 주변에 현금 다발을 쌓아두고 뿌리는 시늉을 할 것 같다. 촬영 현장으로 세팅된 분위기.",,,,,,,,,,,미국 방송사 도입부 음악. 혹은 넓고 차가운 대형마트 씨엠쏭으로 사용될 것 같은 분위기로 시작 되다가 갑자기 니켈로디언의 애니메이션에서 주로 사용되는 등장인물 설명 음악으로 변주된다.,,,,,,,,,,,,,,,,,,,,,,,"뮤지컬 맘마미아가 떠오르는 분위기. 청량한 바닷가에서 드라이브 하는 기분. 혹은 응원가 같은 활기가 느껴진다. ",,,,,,,,,,,,"미국 락밴드, 부모님의 젊었을때 유행했던 음악. 열성적인 무대와 관객의 환호가 떠오른다. 그러면서도 동시에 묘하게 울적하고 쳐지기도 한다.",,,,,,,,,,,,,,,뮤지컬에서 주인공이 등장하는 씬이 떠오른다. 그 주인공은 되게 작고 몽실몽실한 강아지들 인것 같다. 어두운 뒷골목에서 조명이 주인공에게 비춰지고 위풍당당하게 나선다. 15초부터 반짝거리는 목재 무대와 붉은 커튼으로 장식된 분위기로 전환된다.,,,,,,,,,,,,,,,,,,,,"디즈니랜드나 유니버셜스튜디오 같은 놀이공원 라이드에서 틀을 법한 분위기이다. 누가 들어도 어른의 목소리와 배경음악이지만 sweet man muffin man, make children smile이라는 가사 때문에 테마파크가 떠오른다. 실제로는 안신나는데 신나는 척을 하는 분위기다.",,,,,,,,,,,,,,,,,,,,,,,,,,,,,,,,,,,,,,,,,,,,,,,,,,,,,,,,,,,,,,,,,,,"미국 팝송. 어두운 금발 긴 생머리의 서양인 여자가 촬영 세트장의 중심, 핀 조명 아래에서 노래를 부르고 있을것 같다. 분위기는 좋지도 나쁘지도 않다. 본인에 심취해 있다.",,,25 - 34,여성,2,0,0,매일 또는 주에 여러번,아니오,,"몇번째 음악을 듣고있는지 표기가 되면 좋을 것 같습니다.
중간 이후부터는 집중력이 조금 저하되어 중도포기 할까 고민이 됬습니다."
2026-03-29 23:05:19,2026-03-30 03:53:17,IP Address,24.6.121.244,100,17278,True,2026-03-30 03:53:18,R_51KK6z6HWrRzDdG,,,,,37.4152,-122.1224,anonymous,EN,,,,,,,,,,,,,,,,,,,,,,,,,,,,,,,,,,,,소울풀한 남성 보컬이 어쿠스틱 기타 한 대와 함께 블루스를 연주한다. 정통 블루스에서 잘 다루지 않는 주제: 일본의 도시 히로시마와 히로시마의 맛에 대한 이야기를 하는데 가사가 마치 망가진 듯하다.,,,,,,,,,,,,,,,,,,,,,"허스키한 러시아어 여성 보컬. 어쿠스틱 기타 반주가 주가 되고, 근음 위주의 베이스 기타가 정박에 찍혀있다. 코러스 파트에서는 쉐이커가 등장하고, 여성 보컬도 더블링으로 포인트를 준다.",,,,,,,,,허스키한 남성 보컬의 블루스. 메인이 되는 어쿠스틱 기타 연주 주위로 단발적인 슬라이드 기타 소리들이 채워진 사운드.,,,,"드라마틱한 남성 보컬의 팝 록. 뮤즈와 이매진 드래곤즈에 영향을 받은 것 같은 편성과 보컬 스타일. 남성 보컬은 아주 두텁게 멀티트래킹이 되어있다. 벌스와 프리코러스에서 점점 고조시키다가 코러스에서 일렉기타 wall of sound가 들어오면서 꽉찬 사운드가 된다. ",,,"90년대 말 또는 2000년대 초반 스타일의 알앤비. 여성 메인 보컬과 여성 백그라운드 보컬. 베이스 기타와 드럼 비트가 강조된 그루비한 사운드. ",,,,,,,,,,,,,,,"전체적으로 (로우 패스 되어서) 고음역대가 깎인 음향의 펑크 록. 기타 한 대, 베이스 기타 한 대, 드럼셋의 아주 단순한 구성. 기타 앰프의 노이즈까지 제거하지 않고 그대로 녹음된 아주 날 것 그대로의 사운드를 추구하고 있다. 남성 보컬은 멜로디가 거의 없이 챈트를 하듯이 가사를 소리친다.",,,,,,,,,,,,,,,,,,,,,,,,,,,,,,,,,,,,,,,,,,,,,,,,,,,,,,,,,,,,,,,,,,,,,,,,,,,달려가는 듯한 분위기. 근데 가사는 의미가 모호하다. 남성 보컬의 팝 펑크. 보컬 디스토션을 지속적으로 사용하는 거친 음색의 목소리. 보컬에는 화음이 있는 더블 트래킹이 종종 들어가있다. 팜 뮤트 파워 코드 위주의 직선적인 일렉기타 연주와 정박에 근음 위주의 단순한 베이스 기타 연주.,,,,,,,,,,,,,,,,,,,,,,,,,"전체적으로 더블 트래킹 된 남성 보컬. 편성은 미니멀 하지만, 서스테인이 길어서 느리게 깔아주는 신스 사운드 레이어들로 구성된 신비로운 분위기로, ""feel fresh""한 느낌을 전달하려 한다. 스타카토로 음을 짧게 연주하는 리프 위주의 베이스 기타 연주.",,,"일렉기타가 메인인 재즈 퓨전. 받쳐주는 드럼, 베이스, 키보드가 탄산수에서 탄산이 터지듯이 작게 작게 터지는 스타카토 소리들이 산발적으로 퍼진 느낌. 일렉기타도 그에 맞게 어택이 강하고 짧은 피킹으로 반응한다. ",,으쨔쟈 으쨔쟈 으쨔쟈 으쨔쟈: 전형적인 슬라브계 리듬과 스타일의 신스팝. 직선적인 피치(pitch)의 로보틱한 스타일이 남성 보컬이 신스 사운드 위에 얹혀져있다.,,,,,,,,,25 - 34,남성,24,7,13,매일 또는 주에 여러번,아니오,,
2026-03-30 03:40:43,2026-03-30 03:59:10,IP Address,174.227.162.235,100,1106,True,2026-03-30 03:59:10,R_19aztWMsE1q79Q2,,,,,37.6403,-122.0667,anonymous,EN,"밝고 경쾌한 빠른 템포로 전개되며, 밴드 사운드 특유의 활기찬 리듬과 에너지가 돋보이는 노래",,,,,,,,,,,,,,,,,,,,,,,,,"밴드 사운드를 기반으로, 드럼과 기타가 중심이 되어 빠른 템포로 에너지를 전달하며 활기차고 리드미컬한 분위기가 돋보이는 곡",,,,,,중독성 있는 멜로디와 경쾌한 비트가 어우러진 EDM 팝 스타일의 곡,,,,,,기타와 드럼을 중심으로 한 강렬한 사운드 위에 힘 있고 거친 보컬이 얹혀진 헤비 록 스타일의 곡,"밴드 사운드, 아날로그 감성의 보컬, 악기 톤과 연주가 어우러지는 곡",,,,,,,,,,,,,,,,,,,,,,,,,,,,,,,,,,,,,,,,,,,,,,,,,,,,,,,,,,,,"기타와 드럼 사운드를 중심으로 전개되는 록 스타일의 곡으로, 강렬한 리듬과 에너지가 조화를 이루며 역동적이고 힘 있는 분위기를 자아내는 트랙",,,,,,,,,,,,,,,,,,,,,,,,,,,,,,,,,,,,,,,,,,,,,,,"뮤지컬 스타일의 곡으로, 여러 명의 보컬이 조화를 이루며 다이내믹한 악기 구성과 풍부한 편곡이 특징인 트랙",,,,,,,,,,,,,,,,,,,,"신비롭고 몽환적인 분위기를 중심으로, 반복적인 비트와 전자음이 층을 이루며 전개되는 EDM 스타일의 곡",,,,"보컬을 중심으로 기타와 드럼이 조화를 이루는 곡으로, 안정적인 리듬과 풍부한 멜로디가 함께 어우러져 듣기 편안한 곡",,,,,,,,"록, 뮤지컬 스타일의 곡으로, 감정이 풍부하게 담긴 보컬과 다이내믹한 기타, 드럼 연주",,,,,,,,,,,,,,,,,,,,,,,"드럼 비트가 배경을 채우고, 단순한 리듬 위에 랩 보컬이 흘러가는 여유로운 분위기를 자아내는 곡",18 - 24,남성,10,10,0,매일 또는 주에 여러번,아니오,,
2026-03-30 06:59:46,2026-03-30 07:18:33,IP Address,121.140.210.67,100,1126,True,2026-03-30 07:18:34,R_9eOlFUvIiYqIM9i,,,,,37.4873,126.9227,anonymous,EN,"으쌰으쌰할 것 같은 분위기의 신나는 빠른 비트 노래. 반복적인 드럼 리듬과 기타 멜로디, 두 보컬이 주는 힘나는 분위기가 인상적.",,,,,,,,,,,,,,,,,,,,,,,,,,,"뮤지컬의 하이라이트를 장식할 것 같은 웅장하고 감동적인 느낌의 노래. 오케스트라와 합창의 배경, 감미로운 테너가 인상적.",,,,,,,,,,,,,,,,,,,,,,,,초반에 높게 울리는 소리가 남. 반복되는 비트 위에 랩과 함께 코러스가 얹혀짐.,,,,,,,,,,,,지속적으로 반복되는 배경의 소리와 비트가 들림. 흑인 힙합 음악 느낌.,,,,,,,,,,,,,,,,,굵은 신디사이저 소리가 주를 이루고 여기에 가늘고 높은 신디 소리도 함께해 마치 SF 영화의 배경음악 같은 느낌이 듦.,,,,,,,,,,,,,,,,,,,,,,,밤에 혼자 운전하면서 집에 돌아가는 장면에 배경음악으로 쓰일 것 같은 음악. 로우파이이면서 감미롭고 센치한 느낌.,,,,,,,,,,,,,,,,,,,,"하이틴 영화에서 친구들과 파티하는 장면이 나오면 나올 것 같은 노래. 특유의 여성 보컬과 여성 코러스, 신나고 밝은 분위기를 갖고 있음.",,,,,,,,,,,,,,,,,,,,,,,,,,,,,,,,,,마치 텍사스 로드 하우스에 가면 들릴 것 같은 컨트리 음악. 컨트리 특유의 정겹고 흥겨운 배경과 해상도에서 세월이 느껴지는 남녀 보컬 및 코러스가 인상적.,평화로운 옛날 영화의 도입부를 열 것 같은 클래식한 느낌의 음악. 주로 현악기 소리가 들림.,,,,,,,,,,,,,,,,,,,,,,,,,,,,,,90년대 후반 / 00년대 초반이 떠오르는 R&B 풍의 노래. 굵으면서도 시원하게 고음이 올라가고 가성의 기교가 뛰어난 여성 보컬이 인상적.,일본 애니메이션에 OST로 등장할 것 같은 풍의 일본 음악. 초반의 빠른 비트와 반복되는 멜로디가 인상적. 여러 명의 보컬들이 함께 부름.,,,,,,,,,,,,25 - 34,남성,7,7,0,매일 또는 주에 여러번,아니오,,
2026-03-30 11:19:30,2026-03-30 11:42:04,IP Address,220.119.245.11,100,1353,True,2026-03-30 11:42:05,R_6n8VTZteeuRdYBB,,,,,37.3564,127.1128,anonymous,EN,,,,,,,,,,,,,,,,,,,,,,,,,,,,,,,,,,,,,,,,,,,,,,,,,,,,,영화 초반 재즈바에서 술마시는 주인공 뒤로 음악을 부르고 있는 여성,,,,,,운동이나 레이싱과 같은 파워풀한 장면에 사용될것같은 흥미를 유발하고 비트감있는 음악,,,,,,,,,,,,영화 '매트릭스'와 같이 영화나 드라마의 주인공이 대사가 없는 작업등을 할때 사용될것 같은 음악,,,,,,,재즈를 주제로한 미국 영화의 한장면으로 남자 주인공과 여자 주인공이 뮤지컬식의 장면을 보여줄것 같음,,,,,,,,. . . . . . . . . .,,,,,,,'쥬토피아'처럼 아동용 혹은 10대 타겟층으로 한 영화나 드라마에서 어떤 사건을 해결하고 난 이후에 사용될것 같은 음악,,주인공 혹은 등장인물이 즐겁게 쇼핑이나 여가활동을 즐길때 사용될 듯한 음악,,,,,,,,,,,공포영화의 한장면으로 등장인물이 어떠한 상황속 긴장감 혹은 미스테리안 상황에 쓰일것 같은 음악,,,,,,,,,,,,,,,,,,,,,,,,,,,,,,,,,,,,,,,,,북유럽쪽 주제로한 영화에 악기를 연주하며 뛰어다니는 사람들에게 사용될것같은 경쾌하고 신나는 음악,,,,,,,,,,,,,,,,,,,,,,,,,,,,,,,,,,,,,,,,10대 여자애가 자신만의 노래로 경연대회에 나와 싱어송라이터의 길을 걷게해주는 음악,,,,,,,,,,,,,,,25 - 34,남성,0,0,0,주 1회 또는 월 몇  회,네,한두 번 사용해 봤지만 정기적으로 사용하지 않음,
2026-03-24 21:42:16,2026-03-24 21:43:25,IP Address,203.235.48.177,0,69,False,2026-03-31 21:43:26,R_4Kg0xlMeb1VkMl3,,,,,37.5656,126.978,anonymous,EN,,,,,,,,,,,,,,,,,,,,,,,,,,,,,,,,,,,,,,,,,,,,,,,,,,,,,,,,,,,,,,,,,,,,,,,,,,,,,,,,,,,,,,,,,,,,,,,,,,,,,,,,,,,,,,,,,,,,,,,,,,,,,,,,,,,,,,,,,,,,,,,,,,,,,,,,,,,,,,,,,,,,,,,,,,,,,,,,,,,,,,,,,,,,,,,,,,,,,,,,,,,,,,,,,,
2026-04-01 13:58:17,2026-04-01 14:15:51,IP Address,76.10.45.53,100,1054,True,2026-04-01 14:15:52,R_7a9XpJnCG8KsDlD,,,,,40.1171,-88.2482,anonymous,EN,여름에 친구들과 여행을 떠나려고 차에 타서 시원한 바다 바람을 느끼면서 갈길을 가는 느낌. 탬포가 빠르고 신나는 분위기가 특징. 보컬은 분위기를 적절히 잘 올리고 있움,,,,,,,,,,,,,,,,,,,,,,,,,,,,,,,,,,탬포는 빠르지 않지만 배이스가 잘 어울리게 연주 되어있는게 장점 같음 건반이 좀만 더 빠르게 시작했으면 더 좋았을거 같음. 가서는 솔직히 뭔지 모르갰음 약간 교회에서 찬양가 비숫한거 틀때 나올거 같은곡,,,,,,,,,,,,,,,,,,,,,,,,,,,,,,,,,,,,,,,,,,,,,신나는 느낌도 들지만 보컬이 어색하게 느껴지게 믹싱이 되어있음. 보컬 자체는 좀 애절하고 처절한 느낌이 들게 하지만 전체적안 음악의 분위기는 부드럽고 신남,,,,,,,,음질이 다 뭉게져서 들림. 약간 영국 펑크 느낌이 드는 노래임. 하드한 분위기가 느껴져서 마음에 듬. 런던 뒷골목 오전 11시쯤에 소매치기들이 도둑질하고 구석애서 이 노래 듣고 돈 세고 있을듯,엄청 레트로 느낌이 남. 거의 광고에 나올거 같은 분위기의 노래임. 듣자마자 강렬하게 사운드가 느껴짐. 아프로 머리하고 백정장 입은 80년대 스타 아저씨가 이거 틀고 춤추고 있을듯,,,,,,신나는듯하지만 은근히 탬포가 느슨한 느낌이 듬. 약간 투어버스나 관광버스에서 틀어놓고 할머니 할아버지들 춤추시라고 세팅하기에 적합한 톤과 분위기를 가지고 있는거 같음,,,,,,,,,,,,,,,,,,,,,,,,,,,,,,,,,,,,,,,,,,잔잔한 배경음악에 부드럽고 선이 굵게 느껴지는 보컬이 잘 어울러지는 노래같음. 택사스 엘 파소 시골동네 쯤에서 소몰이 하고 있는 카우보이가 일 가라치고 씹는담배 하묜서 어디 기대가지고 이 노래 듣고 있을듯,,,,,,,탬포가 빠르고 통통 튀기는 듯한 베이스가 있음. 무조건 클럽이나 춤 출때 나올거 같은노래. 분위기를 신나게 만들려고 할때 틀어줄거 같은 노래,,,,,,,,,,,,,락노래로 보임. 가사는 뭐라는지 모르갰는데 신이 나고 아주 즐거워보임. 약간 스쿨오브락에서 잭 블랙이 차 몰면서 신나게 부르고 있을거 같은 신나는 락노래임,,,,,,,,,,,,,,,끈적이는 분위기가 느껴짐 보컬아 하이톤이고 감정이입을 아주 잘하는 느낌이 들어서 곡에 집중하기가 쉬웠음. 이건 뜨거운 시간 보낼때나 감각적인 느낌줄 때 좋을거 같음,,,,,,,,,,,,,,,,,,,어쿠스틱한 느낌이 아주 좋고 재즈 분위기도 느껴짐. 부드럽게 들려서 듣기가 아주 좋음. 합정역쪽에 어린애들 노는 쪽 골목애 위치한 카페애서 이런 노래 틀어놓고 커피냄새가 확 날 거 같음,,,,,,,,,,,25 - 34,남성,0,0,0,매일 또는 주에 여러번,아니오,,장우성 화이팅!
