person_id,url,original_udio_prompt,description,similarity
R_7EKwJyQbiTZr3Lb,https://udio.com/songs/f5e3d294-de4a-4be3-9205-88b28f85047d,"epic film score by hanz zimmer, rich orchestration, hybrid electronic, dark, suspenseful","super intense, this is the ending of a video game where you just finished the final goal before you do the hardest task yet, everything is on the line and youre filled with so much adrelining, the score in the background gets more intense the more you listen",0.3858
R_7EKwJyQbiTZr3Lb,https://udio.com/songs/ee0aa1b5-2bb6-4770-a51e-f2ea9e1c873f,"rock, alternative rock, male vocalist, drums (drum set), keyboard, energetic, passionate, melodic, heavy,",this is very much 30 year old dads who dont know if they want to be dads or not are like gong through a crisis and join together with all the other men who dont know what theyre doing,0.0328
R_7EKwJyQbiTZr3Lb,https://udio.com/songs/e89bff81-fa30-4d94-83dc-79ee8714f202,"tv show intro, male vocalist, big band, piano, jazz, swing, standards, up beat, fast","very happy jazz, reminds me of the beginning of a modern christmas music where its panning to some ballroom over the main couple bantering with eachother",0.4084
R_7EKwJyQbiTZr3Lb,https://udio.com/songs/e7de29c9-e9dd-4a06-aa8d-4389eccadaee,"baroque pop, dreamy pop, boy band, romantic, piano jazz, electric cello, deep house, chillout,",laying down in the middle of the woods somewhere pondering what life is about through ambient music and i guess a dude talking in the back,0.2948
R_7EKwJyQbiTZr3Lb,https://udio.com/songs/e0aea9d2-f3fe-4e97-a7eb-e4e5bdc14489,"write a song about speed running banjo kazooie on the nintendo 64, rare, male vocalist, rhythmic, rap","convertable with the music blaring super loud, something that old school kids back in the day would listen to ",0.3003
R_7EKwJyQbiTZr3Lb,https://udio.com/songs/d2cf4cdf-f303-4ef9-9fda-3dab509cb32f,"a song about a cat plotting to take over the world ,electronic, punk",rock/heavy metal and a lot of screaming and loud music. ,0.2367
R_7EKwJyQbiTZr3Lb,https://udio.com/songs/d2bec18a-bac3-48cb-b0da-2589176bd895,"1985, funk, dance-pop, with male vocals in the style of Michael Jackson,","super groovey and funky, you can totally jiggy with this wearing a kind of disco suit. reminds me of rollar skates too",0.2892
R_7EKwJyQbiTZr3Lb,https://udio.com/songs/c21d9593-e7e4-41fe-baf4-4c1cc5b6ac4c,"Technical Death Metal, Progressive Metal, complex, heavy, male vocalist, melodic, aggressive, angry, energetic, epic, uncommon time signatures, 1995","more rock, except this time is feels almost reptillion? I cant really explain it other than the fac that this feels like a lizard has taken the form of a human body and is doing this",0.3019
R_7EKwJyQbiTZr3Lb,https://udio.com/songs/a5ac307b-e75d-47b1-90e3-89447e59a26a,"Grime, fast-paced, energetic, urban, aggressive, gritty, raw, intense, rhythmic, dynamic","this is rave music, theres such a disticint visual of someone shaking their head back and forth and sticking their tounge out in the process",0.2829
R_7EKwJyQbiTZr3Lb,https://udio.com/songs/9a4d75e7-de00-4931-9105-4d53c84471bf,A 90s hip hop rap about how fried chicken is the best food on the planet,"walking down the street on a sunny day near the public sports facilities like basketball, children nearby are sipping lemondade and are eating popsicles",0.1773
R_7EKwJyQbiTZr3Lb,https://udio.com/songs/91f9b933-c02b-47df-95b7-05e9b37e3fb5,"bubblegum pop about imageboard culture, deep female vocalist alternative, happy, uplifting","this has a lot of autotune in it to where it almost doesnt sound like a girl singing and more ai generated, and they eneunicate the end of their words a lot
",0.337
R_7EKwJyQbiTZr3Lb,https://udio.com/songs/86b81fdf-9b70-4200-a102-1dbe1d4bca69,"A song about going to the bar Oskars, alternative rock/pop rock,",this is giving very much theme song to a coming of age tv show or movie where someone is trying to find their place in the world,0.3607
R_7EKwJyQbiTZr3Lb,https://udio.com/songs/858415cc-1335-476e-ac56-9e0c6947ca9f,Compose a rhyme or song on the prevention of Ringworm,mario kart. that is all. this is a mario kart theme song,0.1287
R_7EKwJyQbiTZr3Lb,https://udio.com/songs/7e425ed4-399b-4c72-a0ac-97caf841c3fb,"rock, a teen age love affair in the style of Jim Steinman with heavy piano chords",walking in the rain expect your head is looking kind of a bit more up than down,0.094
R_7EKwJyQbiTZr3Lb,https://udio.com/songs/65239b62-1cec-4b3a-9f6c-583a3ca80ff5,"A song about money, women, rockstar lifestyle, in the style of Playboi Carti","soulless rap, youre not listening to it to get anything from the world but to just have a nice sound in your ear, the voice is monotone enough to where youre not paying too much attention to it so you can listen to someone elses conversation",0.2639
R_7EKwJyQbiTZr3Lb,https://udio.com/songs/652ed6ff-5366-4dea-9870-280da8e43b39,"528hz healing frequency enlightenment awakening, sunrise, new age, meditative, house/pop,","this is specially in a river. not the forest ground or the ocean but a cold river, youre staring off into the abyss watching the water flow as youre contemplating everything. Very etheral vibe to it
",0.1883
R_7EKwJyQbiTZr3Lb,https://udio.com/songs/0825d51f-0845-4009-ae83-5b7347403923,a sentimental song about love that's lost and hope that it can be found again,"walking down by yourself in the city of newyork in the rain, where you feel like the main character, but no one is actually paying attention to you",0.1997
R_7EKwJyQbiTZr3Lb,https://udio.com/songs/0cd8226a-a270-4165-ace6-76a2329b4bd6,a country song sung by a man about shopping for a carpet cleaner that will remove cat fur from carpet,"country, the definition of sitting on a truck, cracking open a beer, and talking about how much you hate your wife. very distinct american accent in the song",0.3621
R_7EKwJyQbiTZr3Lb,https://udio.com/songs/1c339881-c51b-4318-afa1-a64c22bebdad,"female vocalist, guitar, bass guitar, drums (drum set), uptempo, uplifting, anime soundtrack, melodic, j-rock, piano rock, upbeat, catchy, piano rock,",anime music that would be in the theme song thats super catchy and everyone bobs their head too,0.3288
R_7EKwJyQbiTZr3Lb,https://udio.com/songs/1fcc61c5-7033-469e-9d6a-a70822983eed,"A Melodic drill/jersey club song that samples G-Funk. (Minimoog voyager synth, analog synthesizer, Sampling, G-Funk Piano, laid-back).","walkout music, like big biker intimidating gang is just showoing on stage for the first time so you play music in the background to know that theyre legit",0.3151
R_7UcZH04sc2i30Z3,https://udio.com/songs/fb21d861-9397-4126-84df-60917fece784,"A song about the love between a human and an artificial intelligence, rock ballad",This the musical score that plays when the main character is about to run a world record time at the olympics. The guitar is meant to represent their nerves before racing,0.2247
R_7UcZH04sc2i30Z3,https://udio.com/songs/246bf3fe-a489-4545-a32b-0e150d16dee5,"synth-pop, 10s beautiful korean idol singer sings. Talks about we are doomed by AGI soon inkorean.","This is the definition of girl group k-pop. I don't listen to enough K-Pop to distinguish this from anything else, but it kind of sounds like the bridge in Touch by Katseye",0.3426
R_7UcZH04sc2i30Z3,https://udio.com/songs/84deb4de-d0fb-4e1d-a53b-c854fe3c1394,"Cool Jazz, Hard Bop, instrumental, acoustic, improvisation, mellow, energetic, nocturnal, soothing, playful, melodic, piano blues, piano jazz, piano",1920s jazz club. Slow and rhythmic. All it needs is a Louis Armstrong vocal overtop and you have a 1920s HIT,0.3902
R_7UcZH04sc2i30Z3,https://udio.com/songs/e66caf62-70ce-418a-875d-b778d6e27cc5,"hip hop, song about having to eat the wrong brand of baked beans","This is a J Cole song, and you can't convince me otherwise. ",0.3476
R_7UcZH04sc2i30Z3,https://udio.com/songs/d2c86c3d-07fc-4390-8787-58a746e56d56,"A ambient trap song about chilling at the beach during a sunset, electronic, saxophone, synthesizer,",The vibes are dreamy bedroom pop. I would listen to this while laying on grass and staring up at either a night sky or a slightly cloudy sunset,0.5204
R_7UcZH04sc2i30Z3,https://udio.com/songs/a817156f-977c-4a72-8ea5-10fbadfa7532,"Sad and slow grunge instrumental, 80bpm, 2000s production, (rick rubin), (modern sound),",Slow progressive instrumental track that you would see behind an anticipatory moment in a movie. A character has to make a serious decision then the beat drops when they get their consequences,0.5062
R_7UcZH04sc2i30Z3,https://udio.com/songs/9a496feb-6a67-4f22-abf9-a46b34ff68ba,"pop rock, electronic, rock, male rock lead, synth-pop, male vocalist, catchy chorus",Very generic grunge rock from the late 80s early 90s. This is something my mom would listen to with her windows down and banging her head,0.4497
R_7UcZH04sc2i30Z3,https://udio.com/songs/9a12553b-7ae1-4e35-9c24-de4224ba47ba,Carrie is off school sick with a bad cough but can play PlayStation,"This has the vibes of 80s pop, but this song isn't something someone would unironically write. It has the tune of something that would play in a comedic video game commercial",0.1642
R_7UcZH04sc2i30Z3,https://udio.com/songs/94894312-0261-4956-89b5-6e48d0f6b008,"A song about the greatness of menachem begin. hip hop, 1998, east coast hip hop,","Sounds like a generic JZ or Tupac song. Honestly don't know what that genre is called, but the beats match the lowkey rap.",0.4355
R_7UcZH04sc2i30Z3,https://udio.com/songs/82297794-bd7d-4718-9fcb-b3a10d824475,Please Compose a symphony-like piece in style of Anton Bruckner 8th as a Film music for a bike-chase,Scientific Instrumental. Reminds me of the movie score in Oppenheimer or literally any by Hans Zimmer. I would definitely listen to this while studying to inspire myself,0.4443
R_7UcZH04sc2i30Z3,https://udio.com/songs/7a83cea8-c6f4-4944-8823-68aef4c971c6,"pop, female vocalist, sarcastic, breakup, high school girl calls her ex-boyfriend melodramatic",Solo pop song with a female artist. Sound very AI and unoriginal. Seems along the strain of todays K-Pop except it isn't K-Pop,0.4873
R_7UcZH04sc2i30Z3,https://udio.com/songs/5583d3b7-8692-4c18-85fc-f46f0ceef5f2,A Broadway musical about a duck tolling retriever named “Stryker” and two ginger cats named Chezzy and Scholes,"This is a Disney Movie number, but it is specifically a Disney Movie number from the 90s or earlier when Disney was in its prime for music. Think Tarzan and Mulan sound tracks",0.3461
R_7UcZH04sc2i30Z3,https://udio.com/songs/566f7399-846c-4579-a499-8421a2f325e2,A song about a tech consultancy called Red Badger. In the style of T bone walker,Great older RnB song. Would listen to in a jazz club if there was more trumpet. Piano running in the background,0.2728
R_7UcZH04sc2i30Z3,https://udio.com/songs/5d465d7f-d93d-47f3-9f7c-f9a71a429568,a song about creating a computer vision algorithm in Bach and Beethoven style,"Classical ,elegant piano music. I can only imagine this is the style of music that piano composers wish to replicate",0.451
R_7UcZH04sc2i30Z3,https://udio.com/songs/754e03f6-9cc8-4deb-ba29-8e0ef46dbb40,"A song about a friend named Alf, who is in love again. Being 49 year old","Giving slow love songs like the ones by Frankie Vallie and other artists in those veins. Also giving 60s beach boy vibes, so if I had to put it anywhere in time it would be then",0.3653
R_7UcZH04sc2i30Z3,https://udio.com/songs/2c080e35-5332-4784-a590-bbf9db7e765d,Song about total eclipse of sun using music of Louis Capaldi someone you love song,Slow almost opera song. Would hear it in a very emotional music number where the main character just got her heartbroken,0.4399
R_7UcZH04sc2i30Z3,https://udio.com/songs/346756fd-269e-4421-8530-cd79b74d1a98,"a song about the beauty of a multicultural festival, techno","Alternative grunge rock? I honestly have no idea, but the vocals and the beginning give me pop vibes, but the guitar and rhythm give me rock vibes, but it isn't pop rock",0.3477
R_7UcZH04sc2i30Z3,https://udio.com/songs/3c41851f-03a5-464c-9840-4646904010d0,"A song about the benefits of Technology in Africa. , pop, traditional pop, electropop, euro house, dance-pop,",80s pop song. You would definitely hear this in a mall or at like a Zoomba class. Would definitely get me into the mood to exercise.,0.3728
R_7UcZH04sc2i30Z3,https://udio.com/songs/4ce5fcbf-3111-4a0d-bb7d-1d16cf9e232a,"upbeat song for motion design portfolio, techno, instrumental no singing",Digital and Techno. This would be playing at any number of clubs in Europe,0.342
R_7UcZH04sc2i30Z3,https://udio.com/songs/12c3b33c-37c3-42e9-b1f1-70081ddf7bd3,"A song about April eight 2024 total solar eclipse and biblical conspiracy , hip hop,","Don't know the name of this genre. Other people it reminds me of would be like MF Doom but more inspirational and a little slower. Although, the autotune really takes away on this one",0.2937
R_3hzlgRTW9l5Bkim,https://udio.com/songs/d2a0689f-4bd9-496a-b30e-12657192c534,300hz vibe Big Rave HOUSE -meditation Festival House Music with Choir Vocals,I don't know what that noise is called but its very upbeat and electric. There is a few woman saying words that are added to the soundtrack.,0.4496
R_3hzlgRTW9l5Bkim,https://udio.com/songs/c7af0ea9-f546-4f26-bef4-8901953bb851,"Anthem in Finnish for the Nomadic Academy of Experimental Arts based in Harakka island, Helsinki Finland.",I hear electric guitar and drum and maybe like one of those triangle things. Then there is multiple males singing in another language together.,0.3764
R_3hzlgRTW9l5Bkim,https://udio.com/songs/ae81034e-2b91-4d08-8e03-efe033872f33,"screaming powerful dramatic female vocalist, Symphonic, epic, warlike and martial, rhythmic and percussive, grandiose,",It sounds like music produced by an orchestra and is very dramatic. It's sung like opera I think?,0.4857
R_3hzlgRTW9l5Bkim,https://udio.com/songs/97e26fe2-d45a-46b2-885e-35c18551c6d6,"an electronic rock, downtempo, art rock dark song about ending of humanity",There is a woman singing in a whisper like voice and there is background beats and some added sound effects.,0.2396
R_3hzlgRTW9l5Bkim,https://udio.com/songs/8760d63e-0eab-4d6e-9c6c-19d14c0310ea,jingle about a story writing service in style of Elvis preslley,I hear acoustic guitar and drums. Maybe a tambourine or something? There is a main male singer and backup vocals and it sounds like a country song.,0.2534
R_3hzlgRTW9l5Bkim,https://udio.com/songs/7e425ed4-399b-4c72-a0ac-97caf841c3fb,"rock, a teen age love affair in the style of Jim Steinman with heavy piano chords","I hear electric guitar, drums, bass, and some piano. There is a woman singing in a lower voice at the end but there is an instrumental build-up first.",0.3665
R_3hzlgRTW9l5Bkim,https://udio.com/songs/55300023-5c40-490e-90ff-71c29e0e0904,A big band song about how Eric Clancy is always right about AI,I hear like jazz music with a main female singing and male and female background vocals. ,0.2219
R_3hzlgRTW9l5Bkim,https://udio.com/songs/58339466-2de5-4409-be95-54e99dd0b88b,"old school soul, deep soul, traditional black gospel, r&b/soul, motown, southern soul,",I hear beats like when someone uses one of those keyboard things to input sounds. A woman is singing over it and there is some backup vocals. She hits high notes.,0.2419
R_3hzlgRTW9l5Bkim,https://udio.com/songs/63da007b-14c8-431d-a856-de2456d8d63e,"a song about the depth of a grandparent's advice, heavy metal",There is a guy talk-screaming in another language. It seems like the punk music with electric guitar.,0.2575
R_3hzlgRTW9l5Bkim,https://udio.com/songs/6eec1cc9-81f9-40d3-9466-38f5f89748f3,"AlienAPI whispering messages into the Human Hosts Brain., hard rock, guitar, male vocalist, heavy metal, electric guitar, album rock,",Sounds like punk metal with electric guitar and drums. A guy is more screaming than singing. ,0.472
R_3hzlgRTW9l5Bkim,https://udio.com/songs/7279ca60-c53e-4913-a8b0-70c2e902048b,"60s baroque pop about Mister Muffin, whimsical, britpop, male vocals, backing vocals",I hear different beats maybe by drums and guitar and like a trombone or something. There is a male singer and its upbeat it sounds like an older song.,0.3463
R_3hzlgRTW9l5Bkim,https://udio.com/songs/291b2f9c-c41b-4ab8-9161-d4214259419b,a jimmy buffet style tropical song about two cats lili and boomer enjoying the tradewinds and listening to the birds,"I hear acoustic guitar, maybe some sort of trombone or something in it (i don't know the differences between those kinds of instruments). It sounds country.",0.2846
R_3hzlgRTW9l5Bkim,https://udio.com/songs/2b52b4c3-c6fb-47b5-b47e-43b4b40f75d4,"a bright fun pop song jingle with female sung lyrics ""lonsborough motor service - right here for you""",There is upbeat beats and a woman singing in a high pitch tone with background vocals. At some points it sounds like her voice gets distorted.,0.2998
R_3hzlgRTW9l5Bkim,https://udio.com/songs/3f9b3ba7-7b13-4d04-87d6-fe1b2a1f6278,"Theme tune for the Game of Beef board-game, vocal, tv themes,","I hear multiple vocals mainly male, I think? And violin is playing and it sounds like a musical song.",0.31
R_3hzlgRTW9l5Bkim,https://udio.com/songs/43d604bc-f7ba-45f9-aa36-d2d25d4dd236,"Lara my mother in law, smoking benson hedges in Loveland Colorado. Loves coors light and Taylor’s port. , country, oldies,",I hear guitar music and it's a guy and girl country duet that has guy background vocals.,0.217
R_3hzlgRTW9l5Bkim,https://udio.com/songs/45aa2509-8554-4bf3-88fb-e26a0bab1c69,"song about rubber ducks in the bath, heavy distorted guitar, deep bass, nu metal, rap rock",I hear electric guitar and drums. A guy is like screaming but not that hard and it sounds like punk but not the hard metal kind where they just scream.,0.3638
R_3hzlgRTW9l5Bkim,https://udio.com/songs/4edf7524-0d23-48f2-906a-ed5cc10c9197,Write a melodic yet comedic song with sombre tones about eating lots of sausage,"This song has drums, guitar, and bass. The lyrics are really weird, but it sounds like a rock song sung by a man with like an echoey back up.",0.3066
R_3hzlgRTW9l5Bkim,https://udio.com/songs/1c339881-c51b-4318-afa1-a64c22bebdad,"female vocalist, guitar, bass guitar, drums (drum set), uptempo, uplifting, anime soundtrack, melodic, j-rock, piano rock, upbeat, catchy, piano rock,",Electric music in a different language sang by multiple women. The tone is high pitched.,0.4103
R_3hzlgRTW9l5Bkim,https://udio.com/songs/1fce4fac-fe02-42f3-94ba-6c66c9cdccd2,"Title is something in the air, like Bonobo, electronic, club, house, dance, jazz, euro house,",I hear jazz music with a saxophone or something in it and some background beats.,0.3764
R_3hzlgRTW9l5Bkim,https://udio.com/songs/25e7176b-dcd9-4b4b-84bf-eff49700574a,"east coast hip hop, hip hop rnb and dance hall,",I hear different beats and guitar. There are multiple women singing and it's not calm but not upbeat.,0.3027
R_1s6zSyv0nAB2dza,https://udio.com/songs/ee070cac-0af1-4d86-95b3-5e692884fadc,"Country pop song, being young and moving on from your past, female vocalist, diva country, motivating, includes guitar solo",woman singing with guitars in the background. country kinda .,0.6038
R_1s6zSyv0nAB2dza,https://udio.com/songs/d2c86c3d-07fc-4390-8787-58a746e56d56,"A ambient trap song about chilling at the beach during a sunset, electronic, saxophone, synthesizer,","slow paced techno vibes, definitely uses a mixer, cool guy singing",0.3832
R_1s6zSyv0nAB2dza,https://udio.com/songs/bed541d5-46b8-4faa-b29f-c2c6bfc0d8d8,an r and b song about living in the countryside,"middle aged guy, seems like slow paced soul music. nice to the ears. ",0.3208
R_1s6zSyv0nAB2dza,https://udio.com/songs/bec6e67b-3c7f-4554-9a03-758697fe708e,A music replicating Italian new wave genre of the 80’s as it was Litfiba albums like “17 re” or “dsaparecido”.,"not english, fast paced, lots of instruments involved . .",0.3383
R_1s6zSyv0nAB2dza,https://udio.com/songs/9a30a0c9-b192-4113-bc71-6b6b57bf15cf,"A singer songwriter war protest song, seventies style, about a manicure set","country, slow paced, guitar involved, rustic in a sense .",0.1898
R_1s6zSyv0nAB2dza,https://udio.com/songs/957d1ef7-7bd1-4d9a-a682-cc6a55ef374e,"a song about forgiving someone that wronged you, pop, funk,","good laid back rhythm. young ladies singing, kinda like soul music",0.3541
R_1s6zSyv0nAB2dza,https://udio.com/songs/92374983-b2b0-41a7-ba34-c5a6913a6349,"old school soul, deep soul, traditional black gospel, r&b/soul, motown, southern soul,","1970s flavored, woman and man singing alternate of one another. ",0.3057
R_1s6zSyv0nAB2dza,https://udio.com/songs/86b81fdf-9b70-4200-a102-1dbe1d4bca69,"A song about going to the bar Oskars, alternative rock/pop rock,","not english. middle aged guy singing, good tune, good rhythm. j'ai pensé pour un second c'était francais, mais c'est pas",0.1733
R_1s6zSyv0nAB2dza,https://udio.com/songs/8399844f-3c3d-44c7-b5a3-6665e6725b4c,"Add male vocalist with Russian accent. A screaming incoherently punk song called ""5 minutes with Derrick""","HARD ROCK. i absolutely do not like this junk lol. punk rock stuff, can hardly understand it",0.2247
R_1s6zSyv0nAB2dza,https://udio.com/songs/814b22e6-1017-444c-b340-266dc3ee7712,Ariel de zeemeermin is ride out captain on her motorbike,"retro theme music, a bit of guitar, two guys singing, has a nice ring to it",-0.0123
R_1s6zSyv0nAB2dza,https://udio.com/songs/72dda986-55c6-450e-878e-bf0e6fdb5894,"a dark and sad country instrumental, acoustic guitar, slow, light drums, downtempo melancholic, (70 bpm), depressed,","slow beat, melodic, no singing, guitars playing atop one another.",0.611
R_1s6zSyv0nAB2dza,https://udio.com/songs/754c7a3c-64af-4a19-8dca-4887d96e6213,"compressor effect, electronic music, house music, technopop, chiptune, synthwave / electro, male vocalist, 1980s,",a good rhythm. some sort of artificial music (maybe techno)? cool techno voice,0.4874
R_1s6zSyv0nAB2dza,https://udio.com/songs/754e03f6-9cc8-4deb-ba29-8e0ef46dbb40,"A song about a friend named Alf, who is in love again. Being 49 year old",slower paced. multiple voices singing at the same time. a male lead singer. guitar involved. ,0.251
R_1s6zSyv0nAB2dza,https://udio.com/songs/2c080e35-5332-4784-a590-bbf9db7e765d,Song about total eclipse of sun using music of Louis Capaldi someone you love song,"lady singing, piano playing, high and low pitch, just depending",0.1988
R_1s6zSyv0nAB2dza,https://udio.com/songs/04a39cf5-a7c3-4d9b-8d32-4bfc6f316283,a song about Mark who feasts like a king. Sax solo. Blues.,"up beat a little. black guy singing with a raspy voice, talking about quail eggs? history embedded",0.2313
R_1s6zSyv0nAB2dza,https://udio.com/songs/0cd8226a-a270-4165-ace6-76a2329b4bd6,a country song sung by a man about shopping for a carpet cleaner that will remove cat fur from carpet,"country music. guitar, drums, good rhythm. good good music . .",0.2378
R_1s6zSyv0nAB2dza,https://udio.com/songs/0d11dd6d-73de-4101-a8e6-82cf77d7e589,write a slow down temp catchy riff that is heavy and easy to hum and tuned to c standard,"rock and roll. screaming while singing. can easily understand their words, tough to listen to",0.3429
R_1s6zSyv0nAB2dza,https://udio.com/songs/0f2e29c0-780e-45ae-b2b1-abb3c2c77c8a,"a day in the life of a kickboxing worrier, trap, rap, hiphop","rap style music. continued beat drops in the song, young guy talking about his life.",0.4462
R_1s6zSyv0nAB2dza,https://udio.com/songs/115645aa-6751-4e25-8329-75e66bc24490,A house song about finding a 20 in an old jacket,"techno themed, woman singing about a jacket, fast paced, . .",0.397
R_1s6zSyv0nAB2dza,https://udio.com/songs/22c95ed0-8f48-4e40-a66f-7268d33ad8d2,"escaping from a void where I am judged , pop, dark by billie Eilish","woman singing, light voice, gives billie eilish vibes . .",0.4516
R_6NbweNcCV5CfP3p,https://udio.com/songs/d8545371-3d1e-4271-86aa-72ba18a1b55a,"A song about fear of the speed of change future shock, acoustic guitar, lo-fi, female vocalist, Tracy Chapman",This music can be described as slow yet upbeat but it also has a nice vibe to it.,0.3941
R_6NbweNcCV5CfP3p,https://udio.com/songs/8b332c1e-f10e-4afc-a485-4b919b7e8f4f,"synthwave, saxophone, 2024, ambient, beautiful, electronic dance music, synthesizer, melancholic, melodic, male vocalist, about summer fading away,",This music can be described as slow yet has upbeat vibes.,0.4346
R_6NbweNcCV5CfP3p,https://udio.com/songs/ee0aa1b5-2bb6-4770-a51e-f2ea9e1c873f,"rock, alternative rock, male vocalist, drums (drum set), keyboard, energetic, passionate, melodic, heavy,",This music can be described as it has a very rock feeling to it as it begins. ,0.4077
R_6NbweNcCV5CfP3p,https://udio.com/songs/c21d9593-e7e4-41fe-baf4-4c1cc5b6ac4c,"Technical Death Metal, Progressive Metal, complex, heavy, male vocalist, melodic, aggressive, angry, energetic, epic, uncommon time signatures, 1995",This music is very strong and has some sort of rock component that is very interesting. ,0.4596
R_6NbweNcCV5CfP3p,https://udio.com/songs/ae86cd19-fca5-4ad7-b1e3-e02c71aae639,"punk, bouncy funk pop hit italian folk bombastic feels good",This music can be described as upbeat and it has a fast feeling. ,0.4843
R_6NbweNcCV5CfP3p,https://udio.com/songs/a817156f-977c-4a72-8ea5-10fbadfa7532,"Sad and slow grunge instrumental, 80bpm, 2000s production, (rick rubin), (modern sound),",This music can be described as slow and very melancholic.,0.4856
R_6NbweNcCV5CfP3p,https://udio.com/songs/9a496feb-6a67-4f22-abf9-a46b34ff68ba,"pop rock, electronic, rock, male rock lead, synth-pop, male vocalist, catchy chorus",This music can be described as having a deep and heavy feeling. ,0.3241
R_6NbweNcCV5CfP3p,https://udio.com/songs/959ae3b5-07a9-464c-8e16-9f9d4faccd02,"sad song sang by a man with a very nice voice., pop, indie,",This music can be described as it has a slow pace and different tone.,0.2827
R_6NbweNcCV5CfP3p,https://udio.com/songs/7606dd90-1f55-4f82-8970-ec55c9a05f80,starts as old school hiphop but morphs into uk drill,This music can also be described as heavy and sort of fast.,0.1604
R_6NbweNcCV5CfP3p,https://udio.com/songs/4fdeb871-5590-435c-88c2-c719ad43bf33,Minimalist analog electronic music with odd time signatures and abstract melodies,This music can be described as something that is dramatic.,0.3577
R_6NbweNcCV5CfP3p,https://udio.com/songs/53d73137-83c6-4e4f-ac78-85cf9b779e10,"A song about humanity doomed to end, rock, classic rock, guitar solos, dark ambient, slow rock,",This music can be described as slow and very paced.,0.4312
R_6NbweNcCV5CfP3p,https://udio.com/songs/65239b62-1cec-4b3a-9f6c-583a3ca80ff5,"A song about money, women, rockstar lifestyle, in the style of Playboi Carti",This music has a jazzy feeling that is very interesting yet it is slow.,0.2504
R_6NbweNcCV5CfP3p,https://udio.com/songs/7536c885-e926-4f7e-b25c-4660204a1226,A romanian song about going home after work. Pop song,I love how this music is very upbeat and it is also in a foreign language. ,0.4114
R_6NbweNcCV5CfP3p,https://udio.com/songs/2ec2f5f9-407c-41ea-a653-dc11db4eea1c,The rebasing blues. A song about a common software development issue. Modern electric blues.,This music can be described as upbeat and has a nice vibe.,0.3034
R_6NbweNcCV5CfP3p,https://udio.com/songs/32eeb9c6-e9d0-4ff1-8eae-50a7855aef13,"A viennese song about having eaten way too much. And tipps how to feel better, e.g. drinking Schnaps or Coffee.",This music can be described as very upbeat and has a country tune.,0.2877
R_6NbweNcCV5CfP3p,https://udio.com/songs/43eef8c0-03fb-483c-8016-de25f209881c,"A song about a smooth trombone solo, classical, orchestral, symphony, modern classical,",This music has an extremely melancholic and super dramatic feeling. ,0.2616
R_6NbweNcCV5CfP3p,https://udio.com/songs/479be710-4ceb-4509-8c44-55f981fa0637,"a song about my dog, jazz, swing, vocal jazz, easy listening,",This music can be described as it is beginning with a grand entry. ,0.3751
R_6NbweNcCV5CfP3p,https://udio.com/songs/4e5af4be-1277-4097-9c2c-5502aebc410a,"Upbeat Reggaeton dance party song with a drop and variety, heavy bass, rythmic, Bad Bunny, feid, daddy yankee, 2023",This music can be described as very upbeat and a funky feeling that is hyper.,0.4165
R_6NbweNcCV5CfP3p,https://udio.com/songs/04834f9a-eb2e-48b4-95d6-4e937dd2ad86,"A folk rock song about three working cocker spaniels name “Abby, Billie, and Punky”",This music can be described as very slow and calm.,0.2358
R_6NbweNcCV5CfP3p,https://udio.com/songs/05c85698-35f9-4ca9-a086-ce048852ec24,A jazz funk song about 4 middle aged men getting funky in New York City,I love how this music has blues and jazz vibes. It makes you want to swing.,0.4582
R_3Nfc65i2r2tIZ5l,https://udio.com/songs/f5e3d294-de4a-4be3-9205-88b28f85047d,"epic film score by hanz zimmer, rich orchestration, hybrid electronic, dark, suspenseful",This music can be described as dramatic and very classic.,0.4324
R_3Nfc65i2r2tIZ5l,https://udio.com/songs/e0aea9d2-f3fe-4e97-a7eb-e4e5bdc14489,"write a song about speed running banjo kazooie on the nintendo 64, rare, male vocalist, rhythmic, rap",This music can be described as rock and it has a very upbeat tune.,0.2601
R_3Nfc65i2r2tIZ5l,https://udio.com/songs/bc7c0d0b-71ae-4afe-8c04-826ecf85c4c8,"Create music with k pop i dol newjeans style, and a meowing back groubd sound for a cute touch.",This music can be described as slow but it has a jazz tune.,0.2906
R_3Nfc65i2r2tIZ5l,https://udio.com/songs/b1c7f9c0-da77-440b-8ed9-6d5d7979ba3e,A Beatles style song about two little kittens named rookie and Coco,This music can be described as rock and it also a very upbeat tune.,0.1974
R_3Nfc65i2r2tIZ5l,https://udio.com/songs/9e8106ce-2e4a-450c-8653-66941bb3ad46,a fast-paced 90's influenced alt/indie song about tesla departures leaving.,This music can be described as slow rock and a different tone.,0.357
R_3Nfc65i2r2tIZ5l,https://udio.com/songs/88bf780d-da3b-440d-9031-fd948b1c0f00,"about an old soul trapped in a vehicle through the centuries, electronic, synthesizer, synth-pop, keyboard, horror, soundtrack Instrumental",This music can be described as dramatic and a bit sad.,0.4304
R_3Nfc65i2r2tIZ5l,https://udio.com/songs/837f7d1b-23e2-4a0f-8b8a-92a7c4669a41,"Song about the power of love of a couple, opera, male voice",This music can be described as very sad and melancholic.,0.1959
R_3Nfc65i2r2tIZ5l,https://udio.com/songs/56487772-7530-4ead-a83a-8db2c4c29583,a song about losing my keys in the style of amy winehouse,This music can be described as slow lyrics but it has a slow background as well.,0.3719
R_3Nfc65i2r2tIZ5l,https://udio.com/songs/5de77170-9628-498c-88c4-eaa0f9a6bf47,"acoustic guitar, mandolin, piano, acoustic bass, percussion, bossa nova, female singer,",This music can be described as calm and a sad tune.,0.2533
R_3Nfc65i2r2tIZ5l,https://udio.com/songs/61375a85-29d0-4b45-9ff9-5bd133094b1f,"A sci-fi epic movie theme about a space pirate named “Vilde”, synth-pop,",This music can be described as sort of rock and upbeat.,0.3387
R_3Nfc65i2r2tIZ5l,https://udio.com/songs/304f77ae-6961-4c73-b240-b82c6d9837c1,"synth-pop, house, about chicken on a stick and fish oil",This music can be described as super rock and upbeat.,0.285
R_3Nfc65i2r2tIZ5l,https://udio.com/songs/3a5cb7e8-d45f-481e-bd93-d38a23edcb34,"A viennese song about having eaten way too much. And tipps how to feel better, e.g. drinking Schnaps or Coffee.",This music can be described as very upbeat but also has a sad tune.,0.3898
R_3Nfc65i2r2tIZ5l,https://udio.com/songs/4cd02c55-36e8-46dd-9941-50cee7f88672,"van halen, led zeppelin, game music, energetic, 90s, something similar to van halens aint talking about love",This music can be described as rock and it has a very upbeat tune.,0.4348
R_3Nfc65i2r2tIZ5l,https://udio.com/songs/4ce5fcbf-3111-4a0d-bb7d-1d16cf9e232a,"upbeat song for motion design portfolio, techno, instrumental no singing",This music can be described as super upbeat and it has a cloudy feel.,0.5192
R_3Nfc65i2r2tIZ5l,https://udio.com/songs/0e4f6e42-e8a1-4618-975e-9345b7f0d84b,"Instrumental orchestral, cinematic music about a girl and her Robot best friend",This music can be described as very dramatic and melancholic.,0.34
R_3Nfc65i2r2tIZ5l,https://udio.com/songs/189707c6-89e6-4846-9c38-b40afe59fa89,"Riding a bike, delicately smelling the fragrance of osmanthus flowers.",This music can be described as slow and has a soft tune.,0.0987
R_3Nfc65i2r2tIZ5l,https://udio.com/songs/1e28722f-2c5c-474e-a931-1e5b740fff7d,"Post-Bop, Jazz Fusion, instrumental, technical, melodic, warm, passionate, energetic, playful, guitar, archtop guitar",This music can be described as calm and a slow tune.,0.3624
R_3Nfc65i2r2tIZ5l,https://udio.com/songs/1fc27a56-36f6-4a2b-9d87-513f4a0a9058,"A german song about what elements you need to form proper sentences, electronic, electro,",This music can be described as very upbeat and has a rock tune.,0.35
R_3Nfc65i2r2tIZ5l,https://udio.com/songs/20965396-7e93-4354-8212-5614daddebea,"A fun 60's cafeteria, fun and upbeat, twist, in the style of: Elvis Presley, Chubby Checker., rock and roll,",This music can be described as upbeat but it has slow beats in the beginning.,0.2691
R_3Nfc65i2r2tIZ5l,https://udio.com/songs/21ee8bb8-76c4-41d2-b18e-d09524c38093,"electronic, mixer boss bx 8, tech, 4/4 140 BMP, trance",This music can be described as super upbeat and lots of different tunes.,0.2241
R_1QDDC6KOseYG9DH,https://udio.com/songs/246bf3fe-a489-4545-a32b-0e150d16dee5,"synth-pop, 10s beautiful korean idol singer sings. Talks about we are doomed by AGI soon inkorean.",There is a woman singing. This is pop music. You can hear the drums. I think this is like Hispanic or something. The girl has the voice of an angel. I think there is some Spanish in the music. ,0.3173
R_1QDDC6KOseYG9DH,https://udio.com/songs/f87d8dbf-83a9-4c58-a66d-f3d86e8ece8b,"Love and loss in north west England , pop rock,","This is nostalgic. It sounds like a new Coldplay song. There is a man singing, and there are the guitar and drums in the background. ",0.1232
R_1QDDC6KOseYG9DH,https://udio.com/songs/df0117f3-743c-460c-905d-835ffb820bd3,"male vocalist, concept album, hard rock, warm, in the style of green day",This is. rock song. There is a man singing in Spaniosh and there is drumns and the electric guitar in the background. So it must be like Spanish rock. ,0.2672
R_1QDDC6KOseYG9DH,https://udio.com/songs/d69d66d4-df72-4002-8a3e-0f990e9a5743,"Amazing Grace, gospel, r&b, emotional, buildup, epic ending, orchestra, high violins, brass, film score, triumphant,","This is an opera. There is a main man singing and another in the background, but quieter. There is dramatic music, such as violins, drums, trombones, and it gets really fast towards the end. It would be a good somng for a dramatic movie ending.",0.4204
R_1QDDC6KOseYG9DH,https://udio.com/songs/d2cf4cdf-f303-4ef9-9fda-3dab509cb32f,"a song about a cat plotting to take over the world ,electronic, punk","This is a rock song, there are drums and an electric guitar. A man is singing a song very loudly, like he is screaming and not singing. Lots of repeated guitar sounds at the end.",0.379
R_1QDDC6KOseYG9DH,https://udio.com/songs/d2bec18a-bac3-48cb-b0da-2589176bd895,"1985, funk, dance-pop, with male vocals in the style of Michael Jackson,","There is a woman singing an older type songs. Sounds like something Michael Jackson would sing. It is a man singing, actually, and you can hear the drums in the background. ",0.4419
R_1QDDC6KOseYG9DH,https://udio.com/songs/cdb23f80-6a13-4777-8a08-c0d983486f7c,"A Song about whining , pop, r&b, vocal, hip hop,",This is more pop. There is a man singing. I think it is a more type of love song. It has a good beat to it that adds dramatic effect. I feel like it would be targeted towards teenagers.,0.3169
R_1QDDC6KOseYG9DH,https://udio.com/songs/af1cb15b-e547-4e02-83d0-67bb3ba20412,"hip hop, electronic, synthesizer, 2020, upbeat, serene, male vocalist, catchy, beautiful, melodic, uptempo, about amazing feeling of a theme park,","This is rap, like M&M type. There is a man rapping with some background music and singers. There is the drumns and guiat and some sort of keyboard. The backup singer sings a lot. ",0.4093
R_1QDDC6KOseYG9DH,https://udio.com/songs/94894312-0261-4956-89b5-6e48d0f6b008,"A song about the greatness of menachem begin. hip hop, 1998, east coast hip hop,",This is like Snoop Dog music. It is slow rap that has some beat to it. There is a man rapping to the beat to drumns. It sounds like rapping to produce music on a DJ board. There is an echo at the end. ,0.4388
R_1QDDC6KOseYG9DH,https://udio.com/songs/93a18e93-3e7e-4dfb-94ad-4cc4026c16ec,"Americana, Country, Bluegrass, Melodic, Passionate, Lush, Rhythmic, male vocalist, anthemic, uplifting, pop, playful,","This is a country song sung by a man. There is a guitar in the back. It has a good and steady beat to it. He says, ""first time"" a lot.",0.2865
R_1QDDC6KOseYG9DH,https://udio.com/songs/75bc4c3d-4d24-4d21-ac0c-59543720b0ee,"Deep Electro House, amazing vocals, amazing voice, Uplifting, Futuristic, electropop, Complextro, 2024","This is like an E&M song, like a music festival one. It appears to be some sort of remix. You can hear the keyboard in the background and the electric guitar. There is a man singing. ",0.3016
R_1QDDC6KOseYG9DH,https://udio.com/songs/652ed6ff-5366-4dea-9870-280da8e43b39,"528hz healing frequency enlightenment awakening, sunrise, new age, meditative, house/pop,","There is a woman singing a very peaceful/graceful melody. She has a high-pitched voice, and it is matched with violins and some sort of percussion that makes it almost feel underwater.",0.1986
R_1QDDC6KOseYG9DH,https://udio.com/songs/6cff0016-0d2e-4199-9cb2-48317bc30512,"acoustic guitar, acoustic rock, male vocalists, blues rock, fingerstyle, singer-songwriter, folk-pop, electric guitar, pop rock, classic rock, contemporary pop/rock,",This seems like an older song that my Grandpa would sing. This is a country song. You can hear the moroccos in the back and the guitar. Seems like a song from Mexico. There is an older man singing.,0.0222
R_1QDDC6KOseYG9DH,https://udio.com/songs/2f52deb7-1947-4e11-9178-e8745a35b9e6,a 2000s emo song written from the perspective of Elon Musk about getting dumped by Grimes,"Thsi si rock. There is an electric guitar and the drums. There is a man singing. As it continued, the drums and the guitar played faster. He has an echo of a scream after he says certain words. ",0.2985
R_1QDDC6KOseYG9DH,https://udio.com/songs/346756fd-269e-4421-8530-cd79b74d1a98,"a song about the beauty of a multicultural festival, techno",This is a soft-rock type song. You can hear the guitar and drums. There is a man singing in an eerie tone with someone else singing repeated words in the background.,0.4547
R_1QDDC6KOseYG9DH,https://udio.com/songs/0a1282d5-b306-49f4-b0ff-f945c2ed2407,"A song about programmer named Emmanuel who became disillusioned with the corporate world and became a baker., jazz, soul jazz,",Idk the type of genre. It's like smooth jazz. There is a keyboard in the background and a woman singing. ,0.4168
R_1QDDC6KOseYG9DH,https://udio.com/songs/12c3b33c-37c3-42e9-b1f1-70081ddf7bd3,"A song about April eight 2024 total solar eclipse and biblical conspiracy , hip hop,","The beginning eerie, there is a woman rapping with not a lot of instruments in the background, giving it a spooky sound. Their rapping is fast. It sounds like it could be like a song that they start a concert with.",0.4406
R_1QDDC6KOseYG9DH,https://udio.com/songs/1eccf497-ffe0-4f0d-a4c5-aecd9b3e1e40,"Progressive rock, dark vibe, heavy guitar, loud drums, male vocalist","This is a rock song. You can hear the electric guitar. It is more soft-rock. It makes a lot of political references. The person on the guitar is playing veyr very, very well, and fast, there is a man singing. ",0.3638
R_1QDDC6KOseYG9DH,https://udio.com/songs/1fce4fac-fe02-42f3-94ba-6c66c9cdccd2,"Title is something in the air, like Bonobo, electronic, club, house, dance, jazz, euro house,","This is also Jazz, you can tell by the saxophone being placed with the combination of the drums and the keyboard. No one is singing in this. The beat repeated. There is an instrue,nt introduced at the end that is being played fast, but not loud.",0.362
R_1QDDC6KOseYG9DH,https://udio.com/songs/20752527-76a9-4e5a-bdbd-82e225598fb7,"a song inspired by Nicholas Roerich paintings, ambient, locrian mode","This has a calm, like medieval sound to it. No singing. I hear the flute, maybe the poicaalo, the drums, and maybe the tanderlines, and the violin. It is playing a steady rhythm and beat. ",0.3645
R_3AEGjBgjSVvLz29,https://udio.com/songs/8b21762a-c0c3-449e-8d46-e55c476190e3,old country song about crowdstrike making all the computer go blue screen of death,"Southern belle song. Country sounding. Male voice, backing male vocals. ",0.3894
R_3AEGjBgjSVvLz29,https://udio.com/songs/e89bac5b-3b92-4554-be4c-df83d11c4975,"rock, about a friend named Alf who is in love again at 49 years old","Solo Male voice, band music. Generic band rock sound with drums guitar bass
",0.2643
R_3AEGjBgjSVvLz29,https://udio.com/songs/df09d518-7cb4-43d2-b4b4-74b5b0c9500e,"melomandiz beats intro, rage phonk beat, playboi carti, mad 808s",Rap song with heavy bass and beat line that decrescendos underneath male voice.,0.3706
R_3AEGjBgjSVvLz29,https://udio.com/songs/cc598c82-8126-4cdf-9091-fa7cfbfc539a,2000s 90s playstation jungle dnb glitch with ethereal jungle pads amen break,"Fast beat instrumental with synth, interesting bass line and percussion. No vocals. ",0.1933
R_3AEGjBgjSVvLz29,https://udio.com/songs/c2eccd6c-3c7f-4e67-93c5-b2525f3b9e21,"There’s Hiroshima-style okonomiyaki, but there is no such thing as ‘Hiroshimayaki., blues,","Country sounding song, slower tempo. Driving guitar parts. Male southern vocal
",0.1938
R_3AEGjBgjSVvLz29,https://udio.com/songs/c243ba53-0eea-4dfd-bfa0-63de83e0d80b,"Happy friendly gay pickle whose catchphrase is “I’m a pickle hear me roar”, heavy metal,","Strong male vocals, metal like sounding instrumental with heavy drums, guitar and bass. ",0.3542
R_3AEGjBgjSVvLz29,https://udio.com/songs/be9d0001-9386-4d1a-b85c-c2eb1a216754,"four piece classical quartet, somber and pensive, solo vocalist singing about being awake all night",Strings Instrumental starting with a full orchestra then fading into violins back into the main orchestra underneath a soft female voice.,0.3342
R_3AEGjBgjSVvLz29,https://udio.com/songs/b81b00c3-f3c4-4ba7-8964-20d173a3b82f,"Male vocalist, Northern american music, Country, Regional music, Contemporary country, Contemporary country, Country pop, Melodic, Introspective, Love, Longing, Passionate, Bittersweet","Country song featuring a male voice with guitar, drums, bass. Southern accent country feeling song.",0.5134
R_3AEGjBgjSVvLz29,https://udio.com/songs/a73408ef-f0f9-4280-88fd-62f8c13bc9af,"russian, bard song, folk song, acoustic guitar, female singer, emotional, 100 bpm",Simple instrumental featuring the acoustic guitar and maracas underneath a female voice. ,0.422
R_3AEGjBgjSVvLz29,https://udio.com/songs/9a2bd396-3954-4d40-b3bd-dc97f611ae73,"guitar jazz, old french singer with south accent, sad ballade",Foreign male voice on top of a orchestral instrumental with a maracas percussion driving the beat.,0.3966
R_3AEGjBgjSVvLz29,https://udio.com/songs/89fe259f-467e-4f79-9794-0462b33a172f,A psychedelic tinged post-punk song about destroying Bradford pear trees to protect the biodiversity of our ecosystem,"Drums, Guitar, exasperated male vocal. Slow song, consistent drums line.",0.1946
R_3AEGjBgjSVvLz29,https://udio.com/songs/876c1749-d348-48e6-a06c-64ec23323e40,"Male vocalist, Rock, Alternative metal, Nu Metal, Electronica, Alternative rock, Glitch, Rap rock, Passionate, Bittersweet, Anthemic,",Rock feeling song. Strong male vocals. Thematic song that could be a introduction to a show.,0.4932
R_3AEGjBgjSVvLz29,https://udio.com/songs/85c89132-e0ce-42d5-973e-e0198f60e894,"a song about coming home after a long time, pop, indie, bass, japanese rock","Upbeat, lively instrumentals with driving drums, and a guitar part that leads into a male foreign voice.",0.3626
R_3AEGjBgjSVvLz29,https://udio.com/songs/8235499a-b4cf-4189-9570-ee2f9bad03e0,"A german song about what elements you need to form proper sentences, electronic, electro,",Male foreign beat that  fades out and comes back in. Feeling techno and cinematic. Strong and bold beat that drops out and comes back in.,0.2692
R_3AEGjBgjSVvLz29,https://udio.com/songs/788859af-9004-4587-b3d8-2fe1ccd96b86,"Electro pop, male voice, melodic, soul, hip hop rnb and dance hall,","Upbeat slow, older style sound with piano violin and a driving bassline.",0.4426
R_3AEGjBgjSVvLz29,https://udio.com/songs/6184d460-21d8-4a0c-b029-31aa4dce91af,"A song by a boy band about his demons , pop rock,","Upbeat, early 2000s pop feeling song. Features a female voice, bass, kick drums, and voice layering.",0.4302
R_3AEGjBgjSVvLz29,https://udio.com/songs/31e86412-c270-4bcb-8461-ec9801d25c4b,"punk, bouncy funk pop hit italian folk bombastic feels good","Upbeat rock feeling instrumental with guitars on high drive, prevalent drums. Male vocal.",0.4454
R_3AEGjBgjSVvLz29,https://udio.com/songs/42ef4a9a-164f-480e-9992-5f91a57425ee,"A song about humanity doomed to end, rock, classic rock, guitar solos, dark ambient, slow rock,","Slow, dark, and grungy song featuring a male voice, drums, guitar and bass. ",0.5921
R_3AEGjBgjSVvLz29,https://udio.com/songs/42f15631-a541-4b30-8b29-4a1110136627,"rock, pop rock, drums (drum set), classic rock, guitar, bass guitar, 80's, male vocalist, energetic, classic hard rock,","Rock type song with a foreign male voice. Heavy percussion, guitar and bass. Strong vocals.",0.4857
R_3AEGjBgjSVvLz29,https://udio.com/songs/0244da5b-f3c0-49b4-b5c8-2ad5bd3f731f,A rap song in the style of Eminem with harpsichord. Fast 90s rap,RNB feeling song. Slow soulful female vocals. Groovy instrumental with a RNB beat and bass line.,0.3206
R_7TTNjApQTlb7cUG,https://udio.com/songs/fa94bad4-6431-40a7-9811-7ebe8da07931,"hard bass drum, masculine male voice, latin, hip hop, raegetton","This music is in a different language than English, sounds like Spanish. The song is upbeat and features some slight hip hop style in the lyrics.",0.2959
R_7TTNjApQTlb7cUG,https://udio.com/songs/f8439571-23e6-4c8a-900b-9323671ff4c9,"hip hop, hardcore hip hop, gangsta rap, east coast rap, west coast hip hop,","90s style hip hop song, slightly more upbeat and major focus on the lyrics and word play. ",0.4103
R_7TTNjApQTlb7cUG,https://udio.com/songs/f190fc46-b387-4437-a37e-c2e4f2c4a4e9,"Make a song about a summer day, but make it bluesy with a little bit of hip-hop flare to it","The music features choir like vocals, and calmer lyrics, it is a kind of R&B style of song with slower lyrics yet has hints of hip hop.",0.4298
R_7TTNjApQTlb7cUG,https://udio.com/songs/e0d3ac24-3ea6-4a85-a589-8f4ca0642255,"50s pop song about the Tim's hell wagon, a flat black hemi powered monster","This is slow music with simple instruments in ht ebackground, emphasis is on the singer and their vocal strengths as well as the lyrics.",0.3378
R_7TTNjApQTlb7cUG,https://udio.com/songs/db477bec-7b99-4ca2-8eb3-0ab3993b23ae,"A song about a man named Dude working for the county for feline emotional well being., blues, delta blues,",This music is very slow and features only one guitar as the instrument.,0.162
R_7TTNjApQTlb7cUG,https://udio.com/songs/c03a69e7-7bcb-4c85-bc76-54bcd86a1368,"Song about I can shake but can’t bake , Rock Musical, Standards, 1980s, duet","This music is calmer and has more of a country style. It is a slower style, with lyrics, yet not too much word play.",0.32
R_7TTNjApQTlb7cUG,https://udio.com/songs/be7b3ab7-8a50-4437-8acc-ac93487ab635,tame impala song about the whole world creating music together,The music has a more modern and mellow beat. There are a combination of instruments and the lyrics fit the tune in the background almost exactly.,0.3665
R_7TTNjApQTlb7cUG,https://udio.com/songs/b63b2d28-ca13-4ae8-b325-bc509fb36454,"A song about the foggy autumn morning in the forest with the smell of wet woods and soil,electronic,",This music is instrumental and slow. It has very minimal vocals and focuses more on the instruments.,0.3089
R_7TTNjApQTlb7cUG,https://udio.com/songs/a0ca57ef-9516-411f-a9f6-2a45a740c0fd,"a song about the serenity of early morning fishing, techno, ambient,","There is an electronic produced sound, similar to what one would find in modern hip hop music, yet there are little to no vocals or lyrics, sounds more like an outro.",0.2442
R_7TTNjApQTlb7cUG,https://udio.com/songs/9c7e479a-5c4d-46d9-8ecc-2c5849ae114e,A song about a secret I must keep style Norah jones,"This is a calm song with a simple piano and voice combination, the focus is heavily on the vocals of the singer, not much production.",0.3614
R_7TTNjApQTlb7cUG,https://udio.com/songs/9a4d75e7-de00-4931-9105-4d53c84471bf,A 90s hip hop rap about how fried chicken is the best food on the planet,"90s style hip hop song, with a slow beat and major emphasis on the word play like classic hip hop.",0.5001
R_7TTNjApQTlb7cUG,https://udio.com/songs/924be17b-f5f1-4628-9730-412d622d014a,"the smiths, morrissey, post-punk, jangle pop, indie, 80s, minor, fast, alternative rock, guitar, rock","The music starts off with a guitar sounding instrument, with lyrics that match. It is similar to a classic rock and roll song, not a modern one.",0.3472
R_7TTNjApQTlb7cUG,https://udio.com/songs/77056edb-735f-4b6c-a08f-875ac062056d,"A day in the life of a professional imaginary friend, indie pop, twee pop","This sounds like the start of a classic rock and roll song, there is a guitar and drum in the background, and it is building up to the song.",0.2038
R_7TTNjApQTlb7cUG,https://udio.com/songs/523ab434-2e54-4441-9e15-b87bf751c595,"A song about daily driving exotic cars, hip hop, trap","Slightly more modern hip hop song with heavy beat production and bass, however, the word play is much weaker compared to beat.",0.4013
R_7TTNjApQTlb7cUG,https://udio.com/songs/54f0f9eb-f14f-4d8d-befb-b560b504dab8,"A song that will sooth my baby to sleep , blues, piano blues,",This is a quieter style of song with a focus on the singers abilities with minimal insturmental focus.,0.3292
R_7TTNjApQTlb7cUG,https://udio.com/songs/6067225b-504a-46e1-8848-deb07c09fe48,upbeat eurobeat song as heard in the anime Initial D,"Very up beat pop song, similar to a early 2010s classic pop song, major emphasis on technical production and loud vocals and intense beats.",0.4702
R_7TTNjApQTlb7cUG,https://udio.com/songs/3a357ba5-4c78-432d-81fe-c920ac31ed50,"pop, a song with chinese traditional poems as its lyrics.","Song in a different language, sounds like an east asian language. It is a calmer and more vocally focused song, with minimal production in the background.",0.5928
R_7TTNjApQTlb7cUG,https://udio.com/songs/3c41851f-03a5-464c-9840-4646904010d0,"A song about the benefits of Technology in Africa. , pop, traditional pop, electropop, euro house, dance-pop,","The music combines a calmer beat with minimal lyrics, and has a more instrumental focus.",0.3663
R_7TTNjApQTlb7cUG,https://udio.com/songs/0c1cecb1-1601-43cc-8bc9-c51256abe2f0,A song about board games dungeons and dragons and fantasy style music,"The music is upbeat and has a pop style of music, yet not modern pop. There is a slight hint of a rock and roll style as well.",0.3145
R_7TTNjApQTlb7cUG,https://udio.com/songs/122a5bd5-7657-4161-aac9-3acb5f4b0381,"Train the Trainers _ AI Summer camp , pop, r&b,","This song is a more alternative style, with minimal lyrics and word play, the focus is more on the singular trumpet style instrument in the background. ",0.0663
R_56UOnbqk2TipI7T,https://udio.com/songs/84deb4de-d0fb-4e1d-a53b-c854fe3c1394,"Cool Jazz, Hard Bop, instrumental, acoustic, improvisation, mellow, energetic, nocturnal, soothing, playful, melodic, piano blues, piano jazz, piano","A soft, smooth jazz instrumental that evokes feelings of romance and makes you want to dance. It could be used in casio or movies or elevators.",0.5167
R_56UOnbqk2TipI7T,https://udio.com/songs/e374a9d0-706d-4bf3-af17-87b60ae91c62,"Heavy Metal Metellica-style version of Love Me tender with original lyrics, and sung for Astrid.",Rock song sounds very strong by a man screaming. Strong instrumentals,0.3922
R_56UOnbqk2TipI7T,https://udio.com/songs/b7aa837e-a53b-4f8a-97ed-e339ecd96dae,"Electronic, Funky House, Electro, Electro house, Deep house, Funk, Vocalist",Funky music with fun beats. Sounds something like you can dance to. Some vocals. Dreamy-like.,0.514
R_56UOnbqk2TipI7T,https://udio.com/songs/b0f6dcc3-7aeb-4d48-9811-f8195dc8aefc,"a song about working in a print shop in houston texas , houston sticker is the name , hip hop,",Rap song sung by a man. Good beat and sounds good,0.3776
R_56UOnbqk2TipI7T,https://udio.com/songs/97674f07-7bc3-404e-9410-b8239d3611c0,"epic song about gogeta vs broly, heavy drums, epic guitar, piano, english","A rock song with drums and guitar, sung by a guy with very strong vocals.",0.4773
R_56UOnbqk2TipI7T,https://udio.com/songs/96382602-5e97-430f-967d-0799d90262c7,"Progressive House inspired by Sasha from the 1990s, deep dark melodic ethereal space trance with a heavy driving baseline",Epic instrumental that evokes strong emotions. Feels like a movie soundtrack.,0.3037
R_56UOnbqk2TipI7T,https://udio.com/songs/9481c38d-df7b-42cc-b660-ecd1298df738,Please Compose a symphony-like piece in style of Anton Bruckner 8th as a Film opening sequence,epic song with drums and evoking emotions. Sounds like a soundtrack,0.2907
R_56UOnbqk2TipI7T,https://udio.com/songs/91f9b933-c02b-47df-95b7-05e9b37e3fb5,"bubblegum pop about imageboard culture, deep female vocalist alternative, happy, uplifting",Song sung by a woman. Sounds sad and nice. Sounds good,0.3564
R_56UOnbqk2TipI7T,https://udio.com/songs/82297794-bd7d-4718-9fcb-b3a10d824475,Please Compose a symphony-like piece in style of Anton Bruckner 8th as a Film music for a bike-chase,An epic music that sounds like a movie soundtrack. It evokes emotional and strong feelings. ,0.4008
R_56UOnbqk2TipI7T,https://udio.com/songs/77c467d4-d021-4b6e-b9a8-757434d848d0,country song about drinking beer and riding tractor while wearing overalls,Country song sung by man. Makes you feel sad and nostalgic,0.4973
R_56UOnbqk2TipI7T,https://udio.com/songs/566f7399-846c-4579-a499-8421a2f325e2,A song about a tech consultancy called Red Badger. In the style of T bone walker,Jazzy song sung by a man. Very romantic sounding and pleasant,0.2394
R_56UOnbqk2TipI7T,https://udio.com/songs/5de9f530-88d9-44a5-943c-a53b321d1106,"synthwave, funk, saxophone, upbeat, 2019, serene, catchy, ambient, about a summer party, female vocalist,",City pop like music that makes you want to dance. Sung by a female with sweet vocals.,0.5518
R_56UOnbqk2TipI7T,https://udio.com/songs/6dfa3eea-e6cf-46fb-ab88-fe2754661428,"A song about sexy Annie in Hong Kong , rock, alternative rock, indie rock,",Rock song sung by a guy. Sounds sad and romantic,0.4221
R_56UOnbqk2TipI7T,https://udio.com/songs/6fdab3ec-7a58-4272-8ecf-51401a1d3e44,"psychedelic indie pop, sunset chill vibes, counter culture mixed with bossa nova",Almost sad dreamy like song sung by a guy who sounds like he is dying.,0.202
R_56UOnbqk2TipI7T,https://udio.com/songs/325c3403-d7f7-4fa0-835b-27f06fdd9015,"melancholic, duet female, rock, heavy metal rock, heavy style, guitar, male, girl, children",Epic song sung by a couple of people. It feels hopeful.,0.2946
R_56UOnbqk2TipI7T,https://udio.com/songs/33858c28-6c40-43d6-9bff-1b9ec1a44503,"a progressive rock ballad, like we are in the 70s","Movie soundtrack that evokes emotional feelings and feels very good to hear,",0.2998
R_56UOnbqk2TipI7T,https://udio.com/songs/34c793a1-0af4-469e-961d-b1c85d24836b,"a melody gardot style's song, post modern jazz, female voice, double bass and piano, jazz,",French song sung my a woman. Sounds sad and emotional.,0.4254
R_56UOnbqk2TipI7T,https://udio.com/songs/4ae99a8d-f134-4966-a28f-281bca94fe22,"Georgia Dobbins and William Garrett's song Please Mr. Postman, beat group, the 60's style",Song sung by a man. Guitar and it gets happier and more upbeat.,0.3661
R_56UOnbqk2TipI7T,https://udio.com/songs/4e733c89-a6a1-4094-80b0-489ca4e8b41e,"Dream pop, ethereal atmospheric song, about lost love, shoegaze, indie pop, bittersweet,",An emotional song sung by a female who has soft vocals. Sounds pleasing to the ear. ,0.5037
R_56UOnbqk2TipI7T,https://udio.com/songs/1acbac5c-f315-45df-8041-037b55620a92,"female vocalist, r&b, alternative r&b, slow beats, hip hop, soul, contemporary r&b,",Song sung by a girl . Girl has really good vocals and song about girls.,0.4706
